date,id,user.username,user.displayname,place,user.location,content,likeCount,retweetCount,viewCount,hashtags,media,sourceLabel
2021-03-06 14:57:45+00:00,1.36821E+18,gije_cho,조기제,,대한민국 서울,ボ[카카오톡 + EHKT ]15 빻은 깨 ∩ 떨 먹고 3시 넘어서 ロ 작대기 소스를 만들었는데 ヮ 발정제 후추를 더 넣어주면 ワ 구입 김치 겉잎으로 꽁치 한토막을 ョ 구매 오리는 와인숙성훈제오리더라고요 ワ 대마초 한식 이탈리아 스페인 태국 요리의 ミ 캔디 가능하다니 실화인가요 ⌒ 대마 ボ,0,0,,,,Twitter Web App
2021-03-12 14:39:17+00:00,1.37038E+18,Q54tEl2QSMCVIOI,성빙,,,ヨ[카카오톡 + EHKT ]살아온 나의 노력이 フ 떨 정확한 재료의 ペ 작대기 완벽하게 적응이 ∩ 발정제 ② 넣고 골고루 ! #아이스 한국 야쿠르트 하이프레시 밀키트 ∨ #작대기 두부김치해야겠어요 ' 대마초 * 캔디 여유롭게 만들어 보세요 ホ 대마 ヨ https://t.co/mLWAKrHpXH,0,0,,"['아이스', '작대기']","[Photo(previewUrl='https://pbs.twimg.com/media/EwSU5EjVgAEq1gu?format=jpg&name=small', fullUrl='https://pbs.twimg.com/media/EwSU5EjVgAEq1gu?format=jpg&name=orig', altText=None)]",Twitter Web App
2022-10-20 04:47:42+00:00,1.58296E+18,yudjjc78dd,문성빈,,,"(o˚̑̑̑̑̑ 3˚̑̑̑̑̑ o)

🎐 천연 환각제➮예_약🌜저&amp;녁🚗도착🎈

#발정제

경기 시흥",0,0,,['발정제'],,Twitter Web App
2022-10-31 08:46:43+00:00,1.587E+18,gaulgulum,가을구름,,Seoul.Korea,"Ka↪️Kao
🆔➡️
❥Mye９❥

ఇ 물뽕 발정제 

ఒ 경기 #구리

깔*끔하고
거*짓없는
거*래

ఓ #애시드

ಒ 트라마돌",0,0,,"['구리', '애시드']",,Twitter Web App
2022-10-31 10:41:43+00:00,1.58703E+18,gaulgulum,가을구름,,Seoul.Korea,"Ka↪️Kao
🆔➡️
➥Mye９➥

𝄴 우울증 잠이안와

𝅋 #파퍼 

𝅃 전남 #목포

𝇏 발정제 

깔*끔하고
거*짓없는
거*래",0,0,,"['파퍼', '목포']",,Twitter Web App
2023-01-13 00:52:13+00:00,1.6137E+18,happymizimalulu,파티마약 고기판매 헤로인판매(졸피뎀효능),,Bongo TZ,"Riven420 ← 텔레 리븐 24시간 상담 ◈ 
  
트라마돌 케이팔아요 
  
해시시사는방법 발정제 
  
#전북총알배송 #프로포폴구입 https://t.co/4ClrehrBPd",0,0,176,"['전북총알배송', '프로포폴구입']","[Photo(previewUrl='https://pbs.twimg.com/media/FmUD8wXacAArI_O?format=jpg&name=small', fullUrl='https://pbs.twimg.com/media/FmUD8wXacAArI_O?format=jpg&name=orig', altText=None)]",Twitter Web App
2023-01-13 19:08:12+00:00,1.61398E+18,modytoto2013,고기구매방법 케이캔디구하는법 강북드랍(케이캔디),,"Port Said ,Egypt","♧ 텔 레 그 램 채널검색 &gt;&gt; Nicosi_152 
  
☞ ☄항시 고퀄을 제품을 준비했습니다. 
  
#발정제 #하이드로몰핀팝니다 
  
뽕  
엑스터시구입하는방법  
서울좌표  
인천보안업체 https://t.co/060Lgz4mep",0,0,147,"['발정제', '하이드로몰핀팝니다']","[Photo(previewUrl='https://pbs.twimg.com/media/FmX-y6BagAA8s9s?format=jpg&name=small', fullUrl='https://pbs.twimg.com/media/FmX-y6BagAA8s9s?format=jpg&name=orig', altText=None)]",Twitter Web App
2023-01-13 22:33:19+00:00,1.61403E+18,MniaEmna,케이하는법 파퍼(환각제하는방법),,,"TEL : Nicosi152 아이스 허브 커피파우더 케이 브액 상선 ♠ 
  
밀크케이하는방법  
조인트  
헤로인구매  
버드사는방법  
#발정제 #전남안전드랍 #마취제 https://t.co/RK6vZAW0r8",0,0,176,"['발정제', '전남안전드랍', '마취제']","[Photo(previewUrl='https://pbs.twimg.com/media/FmYtuSKaEAcHRJT?format=jpg&name=small', fullUrl='https://pbs.twimg.com/media/FmYtuSKaEAcHRJT?format=jpg&name=orig', altText=None)]",Twitter Web App
2023-01-31 02:20:16+00:00,1.62025E+18,delfianto31,delfianto rasyid,,,"☎ 텔레 JOKERS919 &lt;&lt;&lt; 조커 공식채널 
#대마액상판매처  
#MDMA구매  
  
발정제  
신의눈물구입  
최음제  
찬술  
머쉬룸판매처 https://t.co/BxbB7Z0Ex6",0,0,74,"['대마액상판매처', 'MDMA구매']","[Photo(previewUrl='https://pbs.twimg.com/media/FnxEtToaQAQLx0h?format=jpg&name=small', fullUrl='https://pbs.twimg.com/media/FnxEtToaQAQLx0h?format=jpg&name=orig', altText=None)]",Twitter Web App
2023-02-05 23:23:37+00:00,1.62238E+18,edoalfredoo,펜타닐구매처 합성떨구입 발정제하는방법(코카인하는방법),,,"♧ pinkman1140 &lt;&lt; 텔레 인증채널 검색 
  
발정제구매처  
파티마약  
하이드로몰핀가격  
케타민밀크구매  
경상도좌표  
환각제팝니다  
#즉시좌표  
#충청도안전업체 https://t.co/MuoF3z7m2K",0,0,96,"['즉시좌표', '충청도안전업체']","[Photo(previewUrl='https://pbs.twimg.com/media/FoPVup1aUAEpyFf?format=jpg&name=small', fullUrl='https://pbs.twimg.com/media/FoPVup1aUAEpyFf?format=jpg&name=orig', altText=None)]",Twitter Web App
2023-02-06 06:25:51+00:00,1.62248E+18,edoalfredoo,펜타닐구매처 합성떨구입 발정제하는방법(코카인하는방법),,,"☆ 보안텔레 &gt; pinkman114 
  
작대기아이스  
발정제가격  
머쉬룸구입방법  
아이스뽕  
스틸녹스구매하는법  
파티약  
#인슐린구매처  
#해시시구입하는법 https://t.co/tHatNU9gDC",0,0,70,"['인슐린구매처', '해시시구입하는법']","[Photo(previewUrl='https://pbs.twimg.com/media/FoQ2dk9aUAAYKZK?format=jpg&name=small', fullUrl='https://pbs.twimg.com/media/FoQ2dk9aUAAYKZK?format=jpg&name=orig', altText=None)]",Twitter Web App
2023-02-07 18:00:50+00:00,1.62302E+18,GdJuniartha,D.JONNY,,Denpasar-Bali,"#필로폰가격  
● 텔레 pinkman114 
  
전문딜러  
  
전국신속드랍  
  
액상대마구입  
  
밀크케이  
  
발정제  
  
진통제 https://t.co/hbkGOG1rbu",0,0,99,['필로폰가격'],"[Photo(previewUrl='https://pbs.twimg.com/media/FoYfHjpacAADenT?format=png&name=small', fullUrl='https://pbs.twimg.com/media/FoYfHjpacAADenT?format=png&name=orig', altText=None)]",Twitter Web App
2023-02-15 10:53:04+00:00,1.62581E+18,aurayolanda7,용인각성제 좌표 원석케타민도매수강북드라퍼 강북드랍퍼모집 콕구입하는법 세종인증업강북우유주사,,,"♧ ㅌㄹㄱㄹ아디: p i n k m a n 114 전국안전딜러 신뢰/정직/안전 
밀크케이도매  
발정제  
GHB  
서울모르핀  
강남파티drug  
부산황술  
매직머쉬룸  
#졸피뎀 https://t.co/LI0kfejev1",0,0,261,['졸피뎀'],"[Photo(previewUrl='https://pbs.twimg.com/media/FpAJ7pgaMAATIuW?format=jpg&name=small', fullUrl='https://pbs.twimg.com/media/FpAJ7pgaMAATIuW?format=jpg&name=orig', altText=None)]",Twitter Web App
2023-02-16 08:35:00+00:00,1.62614E+18,andreross522,Andre Ross,,,"♡ p i n k m a n 1140 &lt; 텔레channel 
● 최고의 퀄리티 자부합니다 
강북스틸녹스  
성남인증업자  
발정제  
전라도고퀄아이스  
황술  
용인랏슈  
#모르핀구매처 https://t.co/gkHLJ1E3SE",0,0,145,['모르핀구매처'],"[Photo(previewUrl='https://pbs.twimg.com/media/FpEz6fJaAAErXH_?format=jpg&name=small', fullUrl='https://pbs.twimg.com/media/FpEz6fJaAAErXH_?format=jpg&name=orig', altText=None)]",Twitter Web App
2023-02-21 14:52:29+00:00,1.62804E+18,LeonyAngela05,인증딜러 핑크맨믿고 거래하는 안전상선 핑크맨텔레 pinkman114(북한산아이스구매방법),,,"▷ 텔레Channel :  p i n k m a n 114 인증딜러 핑크맨 신뢰/정직/안전 ♠ 
#케이밀크후기  
  
전라도발정제 밀크케타민구입하는법 
  
세종헤로인 대마 
  
엑스터시가격 강남짝대기 https://t.co/yoK3IbzQde",0,0,67,['케이밀크후기'],"[Photo(previewUrl='https://pbs.twimg.com/media/Fpf6PMdakAAPxns?format=jpg&name=small', fullUrl='https://pbs.twimg.com/media/Fpf6PMdakAAPxns?format=jpg&name=orig', altText=None)]",Twitter Web App
2023-02-24 17:19:11+00:00,1.62917E+18,MeravelRamos,엑케이원석도매 울산졸피뎀 마리화나(대구스페셜케타민),,,"▶ 텔레: p i n k man 114 
  
엘에스디  
  
강동발정제  
  
drug사는방법  
  
졸피뎀  
  
원석케이  
  
엑시터시효과  
#weed https://t.co/jXlhxDLBJY",0,0,129,['weed'],"[Photo(previewUrl='https://pbs.twimg.com/media/Fpv4np-aQAE_k2m?format=jpg&name=small', fullUrl='https://pbs.twimg.com/media/Fpv4np-aQAE_k2m?format=jpg&name=orig', altText=None)]",Twitter Web App
2023-02-25 13:44:35+00:00,1.62948E+18,lcuambot,lloyd cuambot,,,"#떨  
○ ㅌㄹㄱㄹ : p i n k m a n 1 1 4 
  
찬술  
발정제  
북한산아이스도매  
고기  
크리스탈효과  
떨판매처 https://t.co/hbceuOBJOh",0,0,80,['떨'],"[Photo(previewUrl='https://pbs.twimg.com/media/Fp0REf1aYAATfGc?format=jpg&name=small', fullUrl='https://pbs.twimg.com/media/Fp0REf1aYAATfGc?format=jpg&name=orig', altText=None)]",Twitter Web App
2023-02-25 15:50:38+00:00,1.62951E+18,userpc456,userpc456,,,"#뽕아이스구하는법  
♡ ㅌㄹㄱㄹ : p i n k m a n 1 1 4 
  
전북환각제  
케이원석판매합니다  
물뽕효과  
트라마돌하는법  
발정제  
코데인구매방법 https://t.co/wp6nweZVi9",0,0,32,['뽕아이스구하는법'],"[Photo(previewUrl='https://pbs.twimg.com/media/Fp0t8GGaEAEjwLy?format=jpg&name=small', fullUrl='https://pbs.twimg.com/media/Fp0t8GGaEAEjwLy?format=jpg&name=orig', altText=None)]",Twitter Web App
2023-02-27 16:23:11+00:00,1.63024E+18,Camet211,filide Camet,,,"♡ 텔레문의 - p i n k m a n 114 
  
#창원몰리  
클럽drug  
  
경상도보안좌표  
  
찬술구입하는법  
  
발정제  
  
전국안전업체  
  
펜타닐구하는곳 https://t.co/ushqdbLvI5",0,0,117,['창원몰리'],"[Photo(previewUrl='https://pbs.twimg.com/media/Fp_Ij4-aEAMpNIZ?format=jpg&name=small', fullUrl='https://pbs.twimg.com/media/Fp_Ij4-aEAMpNIZ?format=jpg&name=orig', altText=None)]",Twitter Web App
2023-02-28 02:32:56+00:00,1.6304E+18,delina_eva,Delina Eva,,,"♥ 텔레24시상담 - p i n k m a n 114 
  
케미컬약하는법  
경북물뽕  
인천파티drug  
충청도뽕아이스  
발정제구매  
졸피뎀구매방법  
#충남환각버섯 https://t.co/CbKWneam1e",0,0,116,['충남환각버섯'],"[Photo(previewUrl='https://pbs.twimg.com/media/FqBUIcMaUAAkofu?format=jpg&name=small', fullUrl='https://pbs.twimg.com/media/FqBUIcMaUAAkofu?format=jpg&name=orig', altText=None)]",Twitter Web App
2023-02-28 10:04:59+00:00,1.63051E+18,Darlington900,annaliese Darlington,,,"♥ 텔레24시상담 - p i n k m a n 114 
  
강동액상대마  
강북북한산빙두  
발정제팝니다  
스틸녹스구입하는법  
환각파티  
충남허브  
#전국스틸녹스 https://t.co/gIKfqnO5QD",0,0,53,['전국스틸녹스'],"[Photo(previewUrl='https://pbs.twimg.com/media/FqC7l-zacAEfx49?format=jpg&name=small', fullUrl='https://pbs.twimg.com/media/FqC7l-zacAEfx49?format=jpg&name=orig', altText=None)]",Twitter Web App
2023-02-28 18:45:00+00:00,1.63064E+18,LisaDowsen,Lisa downsen,,,"★ 텔 레 그 램 - p i n k m a n 114 
  
패치  
헤로인구입방법  
북한산아이스구입  
스틸녹스구입  
발정제  
창원인증업체  
  
#액상대마구입하는방법 https://t.co/y2Q6uXudFS",0,0,61,['액상대마구입하는방법'],"[Photo(previewUrl='https://pbs.twimg.com/media/FqEymNeacAAS0Lc?format=jpg&name=small', fullUrl='https://pbs.twimg.com/media/FqEymNeacAAS0Lc?format=jpg&name=orig', altText=None)]",Twitter Web App
2023-03-01 00:12:55+00:00,1.63072E+18,dedimandaou,Dedi mandaou,,,"♧ 텔 레 그 램 - p i n k m a n 114 
  
케이판매합니다  
강원도얼음  
강서안전딜러  
전라도발정제  
북한산아이스  
인슐린  
  
#세종안전드랍 https://t.co/SPLhohDrWp",0,0,20,['세종안전드랍'],"[Photo(previewUrl='https://pbs.twimg.com/media/FqF9rG-aIAAun9S?format=jpg&name=small', fullUrl='https://pbs.twimg.com/media/FqF9rG-aIAAun9S?format=jpg&name=orig', altText=None)]",Twitter Web App
2023-03-01 02:59:18+00:00,1.63076E+18,aderihadatul,ade,,,"☎ 텔 레 그 램 - p i n k m a n 114 
  
조인트구입  
성남안전좌표  
성남아이스  
대마액상  
발정제  
에더블구입  
  
#강남드러그 https://t.co/uMphBytmbo",0,0,41,['강남드러그'],"[Photo(previewUrl='https://pbs.twimg.com/media/FqGjwGeaEAAaeEn?format=jpg&name=small', fullUrl='https://pbs.twimg.com/media/FqGjwGeaEAAaeEn?format=jpg&name=orig', altText=None)]",Twitter Web App
2023-03-01 18:24:04+00:00,1.631E+18,ititsan,Nastiti Sulustyorini,,,"♠ 텔 레 문의 - pink m a n 114 
펜타닐후기  
서울머쉬룸  
광주drug  
성남발정제  
충북신의눈물  
  
#스페셜케타민 https://t.co/1epQAdym29",0,0,88,['스페셜케타민'],"[Photo(previewUrl='https://pbs.twimg.com/media/FqJ3aYkagAEj092?format=jpg&name=small', fullUrl='https://pbs.twimg.com/media/FqJ3aYkagAEj092?format=jpg&name=orig', altText=None)]",Twitter Web App
2023-03-02 08:01:55+00:00,1.6312E+18,brookezachary57,brookezachary,,,"♧ 텔 레 문의 - pink m a n 114 
경북엘에스디  
발정제팝니다  
용인코데인  
모르핀사는곳  
파퍼  
  
#프로포폴파는곳 https://t.co/y6ehS5XyfB",0,0,38,['프로포폴파는곳'],"[Photo(previewUrl='https://pbs.twimg.com/media/FqMynIVagAIm_rn?format=jpg&name=small', fullUrl='https://pbs.twimg.com/media/FqMynIVagAIm_rn?format=jpg&name=orig', altText=None)]",Twitter Web App
2023-03-02 09:11:18+00:00,1.63122E+18,velisia_ollin,νɐℓιŝια σℓℓιи τ ◦♡,,Banjarmasin,"▶ 텔 레 문의 - pink m a n 114 
원석케이구입방법  
경북좌표  
충북발정제  
경남좌표딜러구함  
사탕구매방법  
  
#매직머쉬룸가격 https://t.co/fZoQh8cnAs",0,0,33,['매직머쉬룸가격'],"[Photo(previewUrl='https://pbs.twimg.com/media/FqNCe8paMAM_WvJ?format=png&name=small', fullUrl='https://pbs.twimg.com/media/FqNCe8paMAM_WvJ?format=png&name=orig', altText=None)]",Twitter Web App
2023-03-02 10:41:02+00:00,1.63124E+18,AlysiaSchaad775,Alysia Schaad,,,"♡ 텔 레 문의 - pink m a n 114 
강원도포도허브  
경상도찬술  
마취제가격  
진통제구입  
발정제판매  
  
#강남옥시코돈 https://t.co/l78p8e3eA0",0,0,27,['강남옥시코돈'],"[Photo(previewUrl='https://pbs.twimg.com/media/FqNXA_3aIAESUlH?format=jpg&name=small', fullUrl='https://pbs.twimg.com/media/FqNXA_3aIAESUlH?format=jpg&name=orig', altText=None)]",Twitter Web App
2023-03-02 10:47:52+00:00,1.63124E+18,rhon_rhonz,rhona,,,"● 텔 레 문의 - pink m a n 114 
수원발정제  
얼음술구매처  
스페셜케타민  
강서하선구함  
이두삼  
  
#클럽drug https://t.co/XXCnfg62sr",0,0,53,['클럽drug'],"[Photo(previewUrl='https://pbs.twimg.com/media/FqNYluBacAAbgPv?format=jpg&name=small', fullUrl='https://pbs.twimg.com/media/FqNYluBacAAbgPv?format=jpg&name=orig', altText=None)]",Twitter Web App
2023-03-06 18:08:15+00:00,1.63281E+18,LedxaLimrasco,파퍼구입해시시구하는법 원석케타민 창원사탕(강원도고기),,,"◈ 텔id: p i n k m a n 1 1 4 
  
원석케타민상선  
인천발정제  
환각버섯판매합니다  
파퍼사는곳  
사탕하는법  
전국좌표딜러구함  
#대구신속드랍 https://t.co/WWbDB4MYlF",0,0,61,['대구신속드랍'],"[Photo(previewUrl='https://pbs.twimg.com/media/FqjjuuPaYAARU4t?format=jpg&name=small', fullUrl='https://pbs.twimg.com/media/FqjjuuPaYAARU4t?format=jpg&name=orig', altText=None)]",Twitter Web App
2023-03-07 12:13:59+00:00,1.63308E+18,hassanmatawala,충남포사끼구매울산weed 경남밀크케이 떨액상(대전수면유도제),,india,"♧ 텔id: p i n k m a n 1 1 4 
  
강서아이스뽕  
액상대마하는법  
캔디하는법  
발정제가격  
충남수면제  
필로폰상선  
#창원인증업자 https://t.co/bvgOiY0u1x",0,0,78,['창원인증업자'],"[Photo(previewUrl='https://pbs.twimg.com/media/FqncQH9aUAA3K5i?format=jpg&name=small', fullUrl='https://pbs.twimg.com/media/FqncQH9aUAA3K5i?format=jpg&name=orig', altText=None)]",Twitter Web App
2023-03-08 06:38:05+00:00,1.63336E+18,AlqoloveC,송성한311-C,,,"A
여성+작업제+구입+방법
서울 #노원
젖탱이 만남 멜섭 누님 브라 발정제 상납
🪄◝✩
➧bfV3ui",0,0,751,['노원'],,Twitter Web App
2023-03-08 17:01:13+00:00,1.63351E+18,irhul_aregz,irhul,,,"#디스펜서리구매하는법  
♡ 텔레그램 채널  p i n k m a n 1 1 4 0 
  
에더블구매  
  
디스펜서리  
  
발정제  
  
북한산아이스상선  
  
대구짝대기  
  
펜타닐사는곳 https://t.co/KdJmAislRs",0,0,121,['디스펜서리구매하는법'],"[Photo(previewUrl='https://pbs.twimg.com/media/FqtnlFvaUAEuiqt?format=jpg&name=small', fullUrl='https://pbs.twimg.com/media/FqtnlFvaUAEuiqt?format=jpg&name=orig', altText=None)]",Twitter Web App
2023-03-08 20:06:39+00:00,1.63356E+18,gatewaytometal,gateway to metal,,everywhere,"#경상도아이스  
● 텔레그램 채널  p i n k m a n 1 1 4 0 
  
코카인상선  
  
작대기아이스상선  
  
대전보안좌표  
  
발정제  
  
딜러  
  
차가운술 https://t.co/orlO75kwSM",0,0,94,['경상도아이스'],"[Photo(previewUrl='https://pbs.twimg.com/media/FquSBUqaUAYkRqm?format=jpg&name=small', fullUrl='https://pbs.twimg.com/media/FquSBUqaUAYkRqm?format=jpg&name=orig', altText=None)]",Twitter Web App
2023-03-09 17:51:35+00:00,1.63389E+18,shalfarezkiana,shalfa rezkiana,,,"#인슐린판매  
♥ 텔레그램 채널  p i n k m a n 1 1 4 0 
  
케타민원석구매방법  
  
에더블판매처  
  
환각버섯구매처  
  
모르핀  
  
울산보안좌표  
  
발정제팝니다 https://t.co/6MXfrpL2k9",0,0,53,['인슐린판매'],"[Photo(previewUrl='https://pbs.twimg.com/media/Fqy8sHsagAI9hz3?format=png&name=small', fullUrl='https://pbs.twimg.com/media/Fqy8sHsagAI9hz3?format=png&name=orig', altText=None)]",Twitter Web App
2023-03-10 05:06:10+00:00,1.63406E+18,jin8188cvcv,김동욱,,,"╒◖══Ｋạ톡 🆔══◗╕

전신 수면 마취제 에토미데이트 주사 

#엑스터ㅅㅣ

발정제 팝니다

╘◖══Knocc══◗╛

에세머 조련 클럽녀 데이트",0,0,110,['엑스터ㅅㅣ'],,Twitter Web App
2023-03-10 06:45:53+00:00,1.63408E+18,jin8188cvcv,김동욱,,,"╓══Ｋạ톡 🆔══╖

바로 기절 흡입 마취제 클로로포름 

프로포폴 구매

#발정ㅈㅔ

╙══Knocc══╜

거유 여장 bbw 오늘조건",0,0,399,['발정ㅈㅔ'],,Twitter Web App
2023-03-10 11:06:17+00:00,1.63415E+18,olatunjyibrahim,서울파티마약 강남해시시 각성제(),,,"♧ ㅌㄹㄱㄹ  p i n k m a n 1 1 4 
충남밀크케타민  
경기도차가운술  
도리도리팝니다  
랏슈  
성남액떨  
발정제  
#대구즉시좌표 https://t.co/AB3sN3DsNl",0,0,124,['대구즉시좌표'],"[Photo(previewUrl='https://pbs.twimg.com/media/Fq2pg2TakAA8dPO?format=jpg&name=small', fullUrl='https://pbs.twimg.com/media/Fq2pg2TakAA8dPO?format=jpg&name=orig', altText=None)]",Twitter Web App
2023-03-10 15:25:51+00:00,1.63421E+18,BloodskullzX,엘에스디 경상도댑 정글주스(),,,"● ㅌㄹㄱㄹ  p i n k m a n 1 1 4 
대마초구입하는법  
대전정글주스  
전남발정제  
창원액떨  
케이캔디구매방법  
경상도클럽drug  
#작대기아이스팝니다 https://t.co/Gxwn6DrPKn",0,0,117,['작대기아이스팝니다'],"[Photo(previewUrl='https://pbs.twimg.com/media/Fq3k6duaMAEjK6Q?format=jpg&name=small', fullUrl='https://pbs.twimg.com/media/Fq3k6duaMAEjK6Q?format=jpg&name=orig', altText=None)]",Twitter Web App
2023-03-11 07:04:18+00:00,1.63445E+18,a_gunaz,신의눈물 충북하이드로몰핀 경남아이스뽕(),,,"☆ ㅌㄹㄱㄹ : p i n k m a n 1 1 4 
  
떨도매  
필로폰구매하는법  
충북디스펜서리  
drug가격  
대전프로포폴  
발정제  
#밀크케이구입하는법 https://t.co/vdlcO4v6c5",0,0,93,['밀크케이구입하는법'],"[Photo(previewUrl='https://pbs.twimg.com/media/Fq67tXSaAAAiGP1?format=jpg&name=small', fullUrl='https://pbs.twimg.com/media/Fq67tXSaAAAiGP1?format=jpg&name=orig', altText=None)]",Twitter Web App
2023-03-13 02:32:52+00:00,1.63511E+18,kejms8xc_kjejms,정지원,,,"예약⋟－Аҳŗịṅḡ－⋞

정맥 마취제 파는곳

#섹스ㅁㅏ약

발정제 구입 방법

서울 서초  오늘🌙밤 도착",0,0,18,['섹스ㅁㅏ약'],,Twitter Web App
2023-03-13 08:26:54+00:00,1.6352E+18,0420cx3zsarah,남정길,,,"╓══Ｋạ톡 🆔══╖

클럽용 캔디 파티 마약 엑스터시 몰 

발정제 구입방법

#브액

╙══Knocc══╜

미용실 하우스슬레이브 후장 헌터",0,0,240,['브액'],,Twitter Web App
2023-03-13 09:04:33+00:00,1.63521E+18,jdexca6540,정다은,,,"╒◖══Ｋạ톡 🆔══◗╕

하얀색 액체 정맥 전신 마취제 프로포폴 우유주사 

#흥분ㅈㅔ

뽕 파는곳

╘◖══Knocc══◗╛

버닝썬 발정제 상황극 자지",0,0,111,['흥분ㅈㅔ'],,Twitter Web App
2023-03-13 09:15:55+00:00,1.63521E+18,tianna_summer,충북케펜타닐구입하디스펜서리 광주드라퍼구인 경상도s케타민(진통제),,,"♧ 텔레그램24시상담 : p i n k m a n 1 1 4 
  
좌표딜러모집  
경남섹스마약  
에더블가격  
랏슈하는법  
발정제  
합성떨사는곳  
#찬술 https://t.co/ExDoCap7no",0,0,90,['찬술'],"[Photo(previewUrl='https://pbs.twimg.com/media/FrFtBk0agAEVwqC?format=jpg&name=small', fullUrl='https://pbs.twimg.com/media/FrFtBk0agAEVwqC?format=jpg&name=orig', altText=None)]",Twitter Web App
2023-03-13 09:30:23+00:00,1.63521E+18,DarcieLatanya,전라도뽕아이스 섹스마약 포도허브팔아요(시원한술),,,"♧ 텔레그램24시상담 : p i n k m a n 1 1 4 
  
케이캔디  
수면제  
수면보조제  
모르핀  
클럽drug  
발정제  
#정글주스 https://t.co/Pw8twuqC0z",0,0,144,['정글주스'],"[Photo(previewUrl='https://pbs.twimg.com/media/FrFwWvmacAIQckj?format=jpg&name=small', fullUrl='https://pbs.twimg.com/media/FrFwWvmacAIQckj?format=jpg&name=orig', altText=None)]",Twitter Web App
2023-03-13 09:42:04+00:00,1.63521E+18,0420cx3zsarah,남정길,,,"╓══Ｋạ톡 🆔══╖

약효 빠른 강력 수면제 졸피뎀 

발정제 판매

#액상대ㅁㅏ

╙══Knocc══╜

유혹녀 에셈만화 팬티 수치",0,0,82,['액상대ㅁㅏ'],,Twitter Web App
2023-03-13 10:51:11+00:00,1.63523E+18,kejms8xc_kjejms,정지원,,,"예약⋟－Аҳŗịṅḡ－⋞

#클럽캔ㄷㅣ 

발정제 판매

엑스터시 파는곳

충남  서천  오늘🌙밤 도착",0,0,19,['클럽캔ㄷㅣ'],,Twitter Web App
2023-03-13 11:29:31+00:00,1.63524E+18,kejms8xc_kjejms,정지원,,,"예약⋟－Аҳŗịṅḡ－⋞

스틸녹스 후기

암페타민 파는곳

#발정ㅈㅔ

부산 북구  오늘🌙밤 도착",0,0,83,['발정ㅈㅔ'],,Twitter Web App
2023-03-13 12:28:42+00:00,1.63526E+18,DarcieLatanya,전라도뽕아이스 섹스마약 포도허브팔아요(시원한술),,,"♥ 텔레그램24시상담 : p i n k m a n 1 1 4 
  
엑스터시효과  
펜타닐  
인천포도허브  
경북좌표딜러구함  
액상떨  
발정제  
#전라도합성떨 https://t.co/TJQq64MhbR",0,0,182,['전라도합성떨'],"[Photo(previewUrl='https://pbs.twimg.com/media/FrGZHcWakAAU5NO?format=jpg&name=small', fullUrl='https://pbs.twimg.com/media/FrGZHcWakAAU5NO?format=jpg&name=orig', altText=None)]",Twitter Web App
2023-03-13 16:30:33+00:00,1.63532E+18,TowandaDemetra,Towanda Demetra,,,"#인슐린  
☏ 텔레그램24시상담 : p i n k m a n 1 1 4 
  
강원도케미컬약  
  
케미컬약구매방법  
  
수원포도허브  
  
우유주사  
  
발정제  
  
원석케이구매방법 https://t.co/5qudcjuk9P",0,0,32,['인슐린'],"[Photo(previewUrl='https://pbs.twimg.com/media/FrHQf02aYAANtkc?format=jpg&name=small', fullUrl='https://pbs.twimg.com/media/FrHQf02aYAANtkc?format=jpg&name=orig', altText=None)]",Twitter Web App
2023-03-13 18:34:12+00:00,1.63535E+18,AndriaMyrtis,Andria Myrtis,,,"#각성제사는곳  
☎ 텔레그램24시상담 : p i n k m a n 1 1 4 
  
러쉬  
  
마취제  
  
충북얼음술  
  
성남발정제  
  
LSD하는법  
  
포도허브구하는곳 https://t.co/L8GT7u2P04",0,0,30,['각성제사는곳'],"[Photo(previewUrl='https://pbs.twimg.com/media/FrHsx58acAE_Aj0?format=jpg&name=small', fullUrl='https://pbs.twimg.com/media/FrHsx58acAE_Aj0?format=jpg&name=orig', altText=None)]",Twitter Web App
2023-03-13 20:11:02+00:00,1.63537E+18,TowandaDemetra,Towanda Demetra,,,"#삥두  
◈ 텔레그램24시상담 : p i n k m a n 1 1 4 
  
강북뽕아이스  
  
경남발정제  
  
고퀄아이스  
  
LSD  
  
대구합성대마  
  
드러그가격 https://t.co/zp1qoGUHLJ",0,0,39,['삥두'],"[Photo(previewUrl='https://pbs.twimg.com/media/FrIC9NoaAAAuu19?format=jpg&name=small', fullUrl='https://pbs.twimg.com/media/FrIC9NoaAAAuu19?format=jpg&name=orig', altText=None)]",Twitter Web App
2023-03-14 04:22:39+00:00,1.6355E+18,ijiHHJ491,이지민,,,"예약⋟－Аҳŗịṅḡ－⋞

#발정ㅈㅔ

발정제 구매

졸피뎀 판매

서울 노원  오늘🌙밤 도착",0,0,53,['발정ㅈㅔ'],,Twitter Web App
2023-03-14 07:43:10+00:00,1.63555E+18,Jaong042,자_몽,,대한민국,"╓══Ｋạ톡 🆔══╖

#ㄹㅓ쉬ㅍㅏ퍼 

하얀색 액체 정맥 전신 마취제 프로포폴 우유주사

발정제 판매

╙══Knocc══╜

레드 야노 강남클럽 버닝썬",0,0,60,['ㄹㅓ쉬ㅍㅏ퍼'],,Twitter Web App
2023-03-14 08:20:23+00:00,1.63556E+18,Jaong042,자_몽,,대한민국,"╓══Ｋạ톡 🆔══╖

#발정ㅈㅔ 

강력한 마양성 진통제 펜타닐

환각제 사용후기

╙══Knocc══╜

취향 인형뽑기 근육 선물",0,0,47,['발정ㅈㅔ'],,Twitter Web App
2023-03-14 11:53:38+00:00,1.63561E+18,ijiHHJ491,이지민,,,"예약⋟－Аҳŗịṅḡ－⋞

발정제 판매

#흥분ㅈㅔ

스틸녹스 팝니다

경남 합천  오늘🌙밤 도착",0,0,81,['흥분ㅈㅔ'],,Twitter Web App
2023-03-16 00:34:54+00:00,1.63616E+18,CristalLacie,경북삥두 s케타민 해시시(부산합성대마초),,,"☞ ㅌㄹㄱㄹ문의 : p i n k m a n 1 1 4 
에더블  
발정제  
경남인증업자  
엑스터시  
인디카  
액상대마  
#충북신속배송 https://t.co/ank0tXcQVX",0,0,3,['충북신속배송'],"[Photo(previewUrl='https://pbs.twimg.com/media/FrTSjdJaAAATZPW?format=jpg&name=small', fullUrl='https://pbs.twimg.com/media/FrTSjdJaAAATZPW?format=jpg&name=orig', altText=None)]",Twitter Web App
2023-03-16 01:27:02+00:00,1.63618E+18,KanishaRosalin1,전북떨액 용인드랍 전북케이캔디(랏슈팔아요),,,"☆ ㅌㄹㄱㄹ문의 : p i n k m a n 1 1 4 
합성대마사는곳  
차가운술팔아요  
발정제  
빙두구입  
빙두  
버드  
#수면유도제 https://t.co/xiw7QDPBbc",0,0,8,['수면유도제'],"[Photo(previewUrl='https://pbs.twimg.com/media/FrTefWmaYAASyLk?format=jpg&name=small', fullUrl='https://pbs.twimg.com/media/FrTefWmaYAASyLk?format=jpg&name=orig', altText=None)]",Twitter Web App
2023-03-16 08:40:23+00:00,1.63629E+18,MilaGia2,Molly파는곳 전남황술 머쉬룸하는방법(전북스틸녹스),,,"☞ ㅌㄹㄱㄹ문의 : p i n k m a n 1 1 4 
하이드로몰핀  
작대기아이스  
허브후기  
발정제  
경남고기  
강원도드러그  
#히로뽕 https://t.co/Gn5jUJ6j1d",0,0,23,['히로뽕'],"[Photo(previewUrl='https://pbs.twimg.com/media/FrVBpgIakAA8Jwy?format=jpg&name=small', fullUrl='https://pbs.twimg.com/media/FrVBpgIakAA8Jwy?format=jpg&name=orig', altText=None)]",Twitter Web App
2023-03-16 10:05:52+00:00,1.63631E+18,VivianaDalene,삥두스틸녹서Mol파퍼구매처 클럽파티 각성제(인증딜러),,,"○ ㅌㄹㄱㄹ문의 : p i n k m a n 1 1 4 
물뽕  
전국발정제  
버드  
보안딜러  
경북드랍  
충북하선구함  
#전라도얼음 https://t.co/PzZt7VHTdm",0,0,14,['전라도얼음'],"[Photo(previewUrl='https://pbs.twimg.com/media/FrVVOkZaAAUQ0wm?format=jpg&name=small', fullUrl='https://pbs.twimg.com/media/FrVVOkZaAAUQ0wm?format=jpg&name=orig', altText=None)]",Twitter Web App
2023-03-16 17:03:25+00:00,1.63641E+18,ShanaeAlethia,Shanae Alethia,,,"▶ 텔레채널검색 p i n k m a n 1 1 4 0 
  
전북모르핀  
강남환각제  
경기도머쉬룸  
인증업체  
발정제  
환각버섯구매  
  
#작대기술 https://t.co/WKx9ydyk8R",0,0,2,['작대기술'],"[Photo(previewUrl='https://pbs.twimg.com/media/FrW0zu3aAAE0I6W?format=jpg&name=small', fullUrl='https://pbs.twimg.com/media/FrW0zu3aAAE0I6W?format=jpg&name=orig', altText=None)]",Twitter Web App
2023-03-16 18:40:40+00:00,1.63644E+18,ManieKatherin,Manie Katherin,,,"☆ 텔레채널검색 p i n k m a n 1 1 4 0 
  
수원사탕  
클럽마약  
강동발정제  
전라도작대기  
환각버섯  
강북빙두  
  
#디스펜서리 https://t.co/34daYYJSG6",0,0,16,['디스펜서리'],"[Photo(previewUrl='https://pbs.twimg.com/media/FrXLDfwaQAEAYaj?format=jpg&name=small', fullUrl='https://pbs.twimg.com/media/FrXLDfwaQAEAYaj?format=jpg&name=orig', altText=None)]",Twitter Web App
2023-03-16 19:38:12+00:00,1.63645E+18,VeronikaEdwina,Veronika Edwina,,,"☎ 텔레채널검색 p i n k m a n 1 1 4 0 
  
빙두도매  
케타민  
캔디  
인천작대기  
뽕  
발정제  
  
#코데인 https://t.co/MWyrCLqeNV",0,0,4,['코데인'],"[Photo(previewUrl='https://pbs.twimg.com/media/FrXYPBiaIAAO4ce?format=jpg&name=small', fullUrl='https://pbs.twimg.com/media/FrXYPBiaIAAO4ce?format=jpg&name=orig', altText=None)]",Twitter Web App
2023-03-16 20:40:43+00:00,1.63647E+18,TrinityLoriann,Trinity Loriann,,,"☎ 텔레채널검색 p i n k m a n 1 1 4 0 
  
액상떨하는법  
경기도떨  
합성대마초  
발정제  
떨상선  
작대기술  
  
#강서수면보조제 https://t.co/KW9VdcYIr5",0,0,8,['강서수면보조제'],"[Photo(previewUrl='https://pbs.twimg.com/media/FrXmi7CaMAAWs4w?format=jpg&name=small', fullUrl='https://pbs.twimg.com/media/FrXmi7CaMAAWs4w?format=jpg&name=orig', altText=None)]",Twitter Web App
2023-03-16 22:45:37+00:00,1.6365E+18,BelvaChristina,Belva Christina,,,"♧ 텔레채널검색 p i n k m a n 1 1 4 0 
  
사끼  
충남엑스터시  
전북드러그  
광주보안드랍  
얼음술  
발정제  
  
#충북안전업체 https://t.co/T1kxpMroaN",0,0,3,['충북안전업체'],"[Photo(previewUrl='https://pbs.twimg.com/media/FrYDGfsaEAIjVbC?format=jpg&name=small', fullUrl='https://pbs.twimg.com/media/FrYDGfsaEAIjVbC?format=jpg&name=orig', altText=None)]",Twitter Web App
2023-03-17 15:32:01+00:00,1.63675E+18,BaluchJalal,jalal baluch,,,"● 텔레채널검색하세요 p i n k m a n 1 1 4 
  
대마초  
드러그가격  
발정제  
대전보안업체  
드랍퍼모집  
떨  
#엑스터시 https://t.co/mWt9Awynqx",0,0,61,['엑스터시'],"[Photo(previewUrl='https://pbs.twimg.com/media/Frbpe0CaUAA-i8H?format=jpg&name=small', fullUrl='https://pbs.twimg.com/media/Frbpe0CaUAA-i8H?format=jpg&name=orig', altText=None)]",Twitter Web App
2023-03-17 23:26:10+00:00,1.63687E+18,samir1985_2007,samir1985_2007,,,"● 텔레채널검색하세요 p i n k m a n 1 1 4 
  
발정제  
최음제팝니다  
마리화나구입방법  
신의눈물  
대구드랍  
에더블  
#작대기술 https://t.co/dXMmGhcPjz",0,0,70,['작대기술'],"[Photo(previewUrl='https://pbs.twimg.com/media/FrdV-JjaEAEi6_P?format=jpg&name=small', fullUrl='https://pbs.twimg.com/media/FrdV-JjaEAEi6_P?format=jpg&name=orig', altText=None)]",Twitter Web App
2023-03-18 00:03:43+00:00,1.63688E+18,gladys_baylon,gladys baylon,,,"♡ 텔레채널검색하세요 p i n k m a n 1 1 4 
  
발정제  
경기도떨액  
GHB  
경남에더블  
빙두  
강서LSD  
#하이드로몰핀 https://t.co/e117Hkd90n",0,0,39,['하이드로몰핀'],"[Photo(previewUrl='https://pbs.twimg.com/media/FrdemDNaMAAgbkH?format=jpg&name=small', fullUrl='https://pbs.twimg.com/media/FrdemDNaMAAgbkH?format=jpg&name=orig', altText=None)]",Twitter Web App
2023-03-18 02:08:07+00:00,1.63691E+18,ngjg_jghwa,황희정,,,"⊰⍟ 젖탱이 만남 멜섭 누님 브라 발정제 상납
러쉬파퍼+구입+방법 서울 #영등포
오줌 온플 핑크 싱글남 수치 불금 섹트
⋆◡̎⋆
⍟Tele
[go8co8]",0,0,280,['영등포'],,Twitter Web App
2023-03-18 06:21:21+00:00,1.63698E+18,kjh29xcev,김지혜,,,"❣ 젖탱이 만남 멜섭 누님 브라 발정제 상납
◡̈⋆*
스틸녹스+판매+가격
서울 #동작
❥
오줌 온플 핑크 싱글남 수치 불금 섹트
❥Tele
[go8co8]",0,0,116,['동작'],,Twitter Web App
2023-03-20 03:21:56+00:00,1.63766E+18,ths41dn76,김태봉,,,"예약⋟－Аҳŗịṅḡ－⋞

환각제 구매 

#수면ㅈㅔ

발정제 후기

인천 서구  오늘🌙밤 도착",0,0,109,['수면ㅈㅔ'],,Twitter Web App
2023-03-20 10:14:07+00:00,1.63776E+18,nensmsjsjs,Banshee,,,"♧ 텔레문의 -  p i n k m a n 1 1 4 
  
액떨판매합니다  
  
케이원석  
  
발정제  
  
합성대마  
  
강남안전업체  
  
매직머쉬룸구입방법  
  
#발정제 https://t.co/N047Lv7Sc8",0,0,37,['발정제'],"[Photo(previewUrl='https://pbs.twimg.com/media/Frp9d6pagAE6Vwy?format=jpg&name=small', fullUrl='https://pbs.twimg.com/media/Frp9d6pagAE6Vwy?format=jpg&name=orig', altText=None)]",Twitter Web App
2023-03-20 11:43:59+00:00,1.63778E+18,rianmccrea,Rahmat trianto,,,"★ 텔레문의 -  p i n k m a n 1 1 4 
  
강원도원석케이  
  
울산패치  
  
용인얼음술  
  
캔디구매  
  
서울발정제  
  
대전모르핀  
  
#헤로인팝니다 https://t.co/jspYdbugQk",0,0,48,['헤로인팝니다'],"[Photo(previewUrl='https://pbs.twimg.com/media/FrqSDSUaEAEwdN8?format=jpg&name=small', fullUrl='https://pbs.twimg.com/media/FrqSDSUaEAEwdN8?format=jpg&name=orig', altText=None)]",Twitter Web App
2023-03-20 13:01:10+00:00,1.6378E+18,hafeehafeezur,hafeezur,,,"● 텔레문의 -  p i n k m a n 1 1 4 
  
콕  
  
강북프로포폴  
  
발정제  
  
찬술  
  
MDMA구하는법  
  
마리화나구매처  
  
#케이원석사는곳 https://t.co/QdaRChkGjT",0,0,118,['케이원석사는곳'],"[Photo(previewUrl='https://pbs.twimg.com/media/FrqjtwFaAAAWQUW?format=jpg&name=small', fullUrl='https://pbs.twimg.com/media/FrqjtwFaAAAWQUW?format=jpg&name=orig', altText=None)]",Twitter Web App
2023-03-20 14:47:34+00:00,1.63783E+18,Hamayunchadhar,Hamayun chadhar,,,"● 텔레문의 -  p i n k m a n 1 1 4 
  
댑  
  
발정제  
  
머쉬룸  
  
경남조인트  
  
강서케이밀크  
  
트라마돌  
  
#밀크케이 https://t.co/KHRCNqTjl5",0,0,36,['밀크케이'],"[Photo(previewUrl='https://pbs.twimg.com/media/Frq8ET1aYAAkJRx?format=jpg&name=small', fullUrl='https://pbs.twimg.com/media/Frq8ET1aYAAkJRx?format=jpg&name=orig', altText=None)]",Twitter Web App
2023-03-20 15:09:55+00:00,1.63783E+18,maasfora94,مصطفي محمد,,,"♡ 텔레문의 -  p i n k m a n 1 1 4 
  
발정제  
  
케미컬약  
  
케미컬약구매처  
  
버드판매  
  
삥두구입  
  
경북머쉬룸  
  
#파티마약팔아요 https://t.co/YYqPpqnBdH",0,0,11,['파티마약팔아요'],"[Photo(previewUrl='https://pbs.twimg.com/media/FrrBL0jaMAEN9T8?format=jpg&name=small', fullUrl='https://pbs.twimg.com/media/FrrBL0jaMAEN9T8?format=jpg&name=orig', altText=None)]",Twitter Web App
2023-03-20 18:26:56+00:00,1.63788E+18,SandyMotions,Sandy Motion FC,,Indonesia,"♠ 텔레문의 -  p i n k m a n 1 1 4 
  
수원마약  
  
경기도짝대기  
  
전라도발정제  
  
해시시  
  
허브액상  
  
서울엑시터시  
  
#합성대마사는방법 https://t.co/OL0SGP5Jbg",0,0,32,['합성대마사는방법'],"[Photo(previewUrl='https://pbs.twimg.com/media/FrruP4uaYAA9IzO?format=jpg&name=small', fullUrl='https://pbs.twimg.com/media/FrruP4uaYAA9IzO?format=jpg&name=orig', altText=None)]",Twitter Web App
2023-03-20 19:29:23+00:00,1.6379E+18,mohamediall62,mohamed,,,"★ 텔레문의 -  p i n k m a n 1 1 4 
  
전북고기  
  
충남허브액상  
  
케미컬약팝니다  
  
서울드랍퍼구인  
  
크리스탈사는방법  
  
발정제  
  
#경상도북한산술 https://t.co/3vEyrrRxn5",0,0,38,['경상도북한산술'],"[Photo(previewUrl='https://pbs.twimg.com/media/Frr8kr2agAAPKoM?format=jpg&name=small', fullUrl='https://pbs.twimg.com/media/Frr8kr2agAAPKoM?format=jpg&name=orig', altText=None)]",Twitter Web App
2023-03-20 19:47:56+00:00,1.6379E+18,daisyrdz93,daissy rodriguez ,,,"☆ 텔레문의 -  p i n k m a n 1 1 4 
  
액브  
  
발정제  
  
케타민원석팝니다  
  
케이  
  
MDMA  
  
용인인슐린  
  
#경상도캔디 https://t.co/kyufH1M39N",0,0,23,['경상도캔디'],"[Photo(previewUrl='https://pbs.twimg.com/media/FrsA0SIagAAXnxw?format=jpg&name=small', fullUrl='https://pbs.twimg.com/media/FrsA0SIagAAXnxw?format=jpg&name=orig', altText=None)]",Twitter Web App
2023-03-21 01:41:45+00:00,1.63799E+18,zaenaloveu,zaenal,,,"♧ 텔레문의 -  p i n k m a n 1 1 4 
  
대전안전업체  
  
충남모르핀  
  
강동떨  
  
대마판매합니다  
  
강동북한산아이스  
  
삥두  
  
#발정제 https://t.co/xew87NpyRB",0,0,54,['발정제'],"[Photo(previewUrl='https://pbs.twimg.com/media/FrtRzC0agAABSu4?format=jpg&name=small', fullUrl='https://pbs.twimg.com/media/FrtRzC0agAABSu4?format=jpg&name=orig', altText=None)]",Twitter Web App
2023-03-21 02:53:28+00:00,1.63801E+18,rianmccrea,Rahmat trianto,,,"♡ 텔레문의 -  p i n k m a n 1 1 4 
  
포도허브후기  
  
날부핀  
  
전국드라퍼  
  
엑시터시팝니다  
  
대전발정제  
  
액상대마팔아요  
  
#부산드랍퍼 https://t.co/bRA4ktKct5",0,0,32,['부산드랍퍼'],"[Photo(previewUrl='https://pbs.twimg.com/media/FrtiLDTaMAATwng?format=jpg&name=small', fullUrl='https://pbs.twimg.com/media/FrtiLDTaMAATwng?format=jpg&name=orig', altText=None)]",Twitter Web App
2023-03-21 03:46:00+00:00,1.63802E+18,loveysun2006,شمس العراق السراب,,,"☆ 텔레문의 -  p i n k m a n 1 1 4 
  
인슐린사는법  
  
전라도발정제  
  
작대기술사는방법  
  
케이하는방법  
  
광주액상떨  
  
딜러  
  
#경남실시간좌표 https://t.co/vKaaz8bLAQ",0,0,32,['경남실시간좌표'],"[Photo(previewUrl='https://pbs.twimg.com/media/FrtuPB3akAEfZah?format=jpg&name=small', fullUrl='https://pbs.twimg.com/media/FrtuPB3akAEfZah?format=jpg&name=orig', altText=None)]",Twitter Web App
2023-03-21 07:49:01+00:00,1.63809E+18,tkfkd7xcjc,유현정,,경기도광주,"╒◖══Ｋạ톡 🆔══◗╕

발정제 구입방법 

전신 수면 마취제 에토미데이트 주사

#물뽕

╘◖══Knocc══◗╛

놀자 능욕 레드 야노",0,0,109,['물뽕'],,Twitter Web App
2023-03-21 08:25:52+00:00,1.63809E+18,tkfkd7xcjc,유현정,,경기도광주,"╒◖══Ｋạ톡 🆔══◗╕

발정제 사용후기 

강력한 마양성 진통제 펜타닐

#각성ㅈㅔ

╘◖══Knocc══◗╛

40대 숙녀 여성노출 SM",0,0,35,['각성ㅈㅔ'],,Twitter Web App
2023-03-21 10:09:04+00:00,1.63812E+18,Hak1Nam,백남학,,,"❣ 5OPzPf
◡̈⋆*
수면제+파는곳
경기 #포천
❥
젖탱이 만남 멜섭 누님 브라 발정제 상납
❥Tele
[go8co8]",0,0,190,['포천'],,Twitter Web App
2023-03-22 02:06:44+00:00,1.63836E+18,adinianjavidoko,강남좌표 대구합성떨 케미컬약사는곳(),,,"♡ 텔 레 그 램 i d &gt;&gt; p i n k m a n 1 1 4 
  
전라도코카인  
합성대마  
수면유도제  
강서안전딜러  
성남파퍼  
파퍼파는곳  
  
#발정제 https://t.co/mzcAdFF89x",0,0,74,['발정제'],"[Photo(previewUrl='https://pbs.twimg.com/media/FryhHGfacAIM8Io?format=jpg&name=small', fullUrl='https://pbs.twimg.com/media/FryhHGfacAIM8Io?format=jpg&name=orig', altText=None)]",Twitter Web App
2023-03-22 02:13:05+00:00,1.63836E+18,bid8_jvcinhwa,송민화,,,"╒◖══Ｋạ톡 🆔══◗╕

바로 정신 잃는 기억상실 데이트 약 

#발정ㅈㅔ

물뽕 구입방법

╘◖══Knocc══◗╛

빠구리 bbw 커닐",0,0,108,['발정ㅈㅔ'],,Twitter Web App
2023-03-22 03:28:43+00:00,1.63838E+18,bid8_jvcinhwa,송민화,,,"╓══Ｋạ톡 🆔══╖

약효 빠른 강력 수면제 졸피뎀 

발정제 사용후기

#수면ㅈㅔ

╙══Knocc══╜

인간atm 뚱녀성애자 사랑",0,0,191,['수면ㅈㅔ'],,Twitter Web App
2023-03-22 03:30:52+00:00,1.63838E+18,osunniyi2012,광주조인트 러쉬구하는곳 매직머쉬룸가격(),,,"☎ 텔 레 그 램 i d &gt;&gt; p i n k m a n 1 1 4 
  
케타민팝니다  
충남케이원석  
경남보안드랍  
수원발정제  
콕구하는곳  
우유주사  
  
#조인트도매 https://t.co/4zWwEDbdht",0,0,46,['조인트도매'],"[Photo(previewUrl='https://pbs.twimg.com/media/Fry0XtkaYAM_yVr?format=jpg&name=small', fullUrl='https://pbs.twimg.com/media/Fry0XtkaYAM_yVr?format=jpg&name=orig', altText=None)]",Twitter Web App
2023-03-22 04:43:05+00:00,1.6384E+18,livcbhh52,박세빈,,,"╓══Ｋạ톡 🆔══╖

바로 정신 잃는 기억상실 데이트 약 

발정제 구매

#ㄷㅣ프리반

╙══Knocc══╜

군인 안마 선물",0,0,41,['ㄷㅣ프리반'],,Twitter Web App
2023-03-22 09:03:36+00:00,1.63847E+18,livcbhh52,박세빈,,,"╒◖══Ｋạ톡 🆔══◗╕

클럽용 캔디 파티 마약 엑스터시 몰 

#발정ㅈㅔ

최음제 파는곳

╘◖══Knocc══◗╛

속살 클럽녀 짜릿한",0,0,77,['발정ㅈㅔ'],,Twitter Web App
2023-03-22 12:09:45+00:00,1.63851E+18,bid8_jvcinhwa,송민화,,,"╒◖══Ｋạ톡 🆔══◗╕

하얀색 액체 정맥 전신 마취제 프로포폴 우유주사 

#발정ㅈㅔ

러쉬파퍼 구입방법

╘◖══Knocc══◗╛

인간지갑 보지평가 스타킹",0,0,161,['발정ㅈㅔ'],,Twitter Web App
2023-03-22 12:26:58+00:00,1.63852E+18,mhyztieblue,엑시터시 용인트라마돌 암페타민사는법(),,,"☆ 텔 레 그 램 i d &gt;&gt; p i n k m a n 1 1 4 
  
빙두  
서울북한산아이스  
합성대마구입하는방법  
케타민밀크사는법  
발정제  
암페타민  
  
#짝대기 https://t.co/Fy1uUoJJWK",0,0,64,['짝대기'],"[Photo(previewUrl='https://pbs.twimg.com/media/Fr0vE1JaIAAdsBo?format=jpg&name=small', fullUrl='https://pbs.twimg.com/media/Fr0vE1JaIAAdsBo?format=jpg&name=orig', altText=None)]",Twitter Web App
2023-03-22 18:32:11+00:00,1.63861E+18,NilaSTRICKLIN,드러그 랏슈구매처 헤로인구입하는법(),,,"● 텔 레 그 램 i d &gt;&gt; p i n k m a n 1 1 4 
  
스틸녹스  
대전발정제  
인천케타민원석  
경기도좌표딜러모집  
드라퍼구인  
대구마약  
  
#하이드로몰핀효과 https://t.co/Ly2c55vc64",0,0,79,['하이드로몰핀효과'],"[Photo(previewUrl='https://pbs.twimg.com/media/Fr2CqR9aQAA2ee3?format=jpg&name=small', fullUrl='https://pbs.twimg.com/media/Fr2CqR9aQAA2ee3?format=jpg&name=orig', altText=None)]",Twitter Web App
2023-03-23 04:09:51+00:00,1.63875E+18,wddf23eee,박준영,,,"╒◖══Ｋạ톡 🆔══◗╕

우유주사 팝니다 

우울증 퇴치 마법의 버섯 환각 버섯

#클럽캔ㄷㅣ

╘◖══Knocc══◗╛

홍대메이드 발정제 이쁘니 야트",0,0,121,['클럽캔ㄷㅣ'],,Twitter Web App
2023-03-23 06:00:59+00:00,1.63878E+18,lxc2f5rrr,쿄쿄,,,"╓══Ｋạ톡 🆔══╖

발정제 판매 

#발정ㅈㅔ

강력한 마양성 진통제 펜타닐

╙══Knocc══╜

자영 배우 능욕 스프레이",0,0,101,['발정ㅈㅔ'],,Twitter Web App
2023-03-23 09:43:02+00:00,1.63884E+18,d5x1cxdd,이옥환,,충남 부여,"╒◖══Ｋạ톡 🆔══◗╕

발정제 구입방법 

약효 빠른 강력 수면제 졸피뎀

#클럽캔ㄷㅣ

╘◖══Knocc══◗╛

디엣 초보자 보지 ㅈㅇ",0,0,70,['클럽캔ㄷㅣ'],,Twitter Web App
2023-03-23 12:38:48+00:00,1.63888E+18,lxc2f5rrr,쿄쿄,,,"╒◖══Ｋạ톡 🆔══◗╕

뽕 구매 

바로 기절 흡입 마취제 클로로포름

#브액

╘◖══Knocc══◗╛

홍대메이드 발정제 이쁘니 야트",0,0,104,['브액'],,Twitter Web App
2023-03-23 14:22:57+00:00,1.63891E+18,ZIKHONAJACK,zikhona jack,,,"◈ 최상퀄리티자부 텔레아디 - p i n k m a n 1 1 4 
드랍퍼모집  
부산발정제  
작대기술  
충청도드랍  
원석케이도매  
전북신속배송  
#강동케타민밀크 https://t.co/ZhnzBge5Fn",0,0,35,['강동케타민밀크'],"[Photo(previewUrl='https://pbs.twimg.com/media/Fr6TMXSagAQL-eU?format=jpg&name=small', fullUrl='https://pbs.twimg.com/media/Fr6TMXSagAQL-eU?format=jpg&name=orig', altText=None)]",Twitter Web App
2023-03-23 17:13:49+00:00,1.63895E+18,fandithokk,H N D,,,"★ 최상퀄리티자부 텔레아디 - p i n k m a n 1 1 4 
전북엘에스디  
발정제  
엑스터시  
얼음술  
전남펜타닐  
밀크케타민효과  
#원석케이팔아요 https://t.co/JmJtBcb8Jq",0,0,69,['원석케이팔아요'],"[Photo(previewUrl='https://pbs.twimg.com/media/Fr66UGXaQAApM7L?format=jpg&name=small', fullUrl='https://pbs.twimg.com/media/Fr66UGXaQAApM7L?format=jpg&name=orig', altText=None)]",Twitter Web App
2023-03-23 19:19:15+00:00,1.63898E+18,netsaicm,netsai,,,"☎ 최상퀄리티자부 텔레아디 - p i n k m a n 1 1 4 
인슐린하는법  
발정제  
케타민밀크팔아요  
북한산빙두구매처  
강서보안드랍  
전북대마  
#북한산아이스 https://t.co/PXg69KNlyp",0,0,20,['북한산아이스'],"[Photo(previewUrl='https://pbs.twimg.com/media/Fr7XBqFagAA-LA5?format=jpg&name=small', fullUrl='https://pbs.twimg.com/media/Fr7XBqFagAA-LA5?format=jpg&name=orig', altText=None)]",Twitter Web App
2023-03-23 19:38:49+00:00,1.63899E+18,caplegnoess,CAPLE ,,,"☎ 최상퀄리티자부 텔레아디 - p i n k m a n 1 1 4 
수원수면유도제  
부산엑시터시  
합성대마판매처  
경남드라퍼모집  
충남딜러  
수원환각제  
#발정제 https://t.co/fyaALSnv73",0,0,41,['발정제'],"[Photo(previewUrl='https://pbs.twimg.com/media/Fr7bfWaaEAAd3N6?format=jpg&name=small', fullUrl='https://pbs.twimg.com/media/Fr7bfWaaEAAd3N6?format=jpg&name=orig', altText=None)]",Twitter Web App
2023-03-23 22:27:40+00:00,1.63903E+18,lubnafaisal1,lubnafaisal,,,"☎ 최상퀄리티자부 텔레아디 - p i n k m a n 1 1 4 
마약왕  
전국발정제  
전남좌표딜러모집  
뽕  
찬술  
트라마돌  
#케타민밀크 https://t.co/mRauYNYzfe",0,0,31,['케타민밀크'],"[Photo(previewUrl='https://pbs.twimg.com/media/Fr8CJhKaMAAoLma?format=jpg&name=small', fullUrl='https://pbs.twimg.com/media/Fr8CJhKaMAAoLma?format=jpg&name=orig', altText=None)]",Twitter Web App
2023-03-24 01:24:43+00:00,1.63908E+18,Annabelstarbaby, Annabel Grace ,,,"★ 최상퀄리티자부 텔레아디 - p i n k m a n 1 1 4 
섹스마약  
졸피뎀  
러쉬도매  
발정제  
진통제  
삥두판매  
#경남북한산아이스 https://t.co/nVWNpnoEVQ",0,0,69,['경남북한산아이스'],"[Photo(previewUrl='https://pbs.twimg.com/media/Fr8qriGakAACR9w?format=jpg&name=small', fullUrl='https://pbs.twimg.com/media/Fr8qriGakAACR9w?format=jpg&name=orig', altText=None)]",Twitter Web App
2023-03-24 01:56:21+00:00,1.63908E+18,lubnafaisal1,lubnafaisal,,,"◈ 최상퀄리티자부 텔레아디 - p i n k m a n 1 1 4 
우유주사  
엘에스디효과  
작대기술하는법  
발정제  
뽕도매  
필로폰구하는곳  
#경기도케이밀크 https://t.co/8S4mMET8FV",0,0,18,['경기도케이밀크'],"[Photo(previewUrl='https://pbs.twimg.com/media/Fr8x60lakAAs7Gn?format=jpg&name=small', fullUrl='https://pbs.twimg.com/media/Fr8x60lakAAs7Gn?format=jpg&name=orig', altText=None)]",Twitter Web App
2023-03-24 02:37:59+00:00,1.63909E+18,chxc2106yy,이민규,,,"예약⋟－Аҳŗịṅḡ－⋞

#ㄷㅣ프리반

발정제 파는곳

정글주스 후기

충청남도  충남  오늘🌙밤 도착",0,0,21,['ㄷㅣ프리반'],,Twitter Web App
2023-03-24 03:12:27+00:00,1.6391E+18,qaamadli,Qaam ,,Bogor,"♡ 최상퀄리티자부 텔레아디 - p i n k m a n 1 1 4 
발정제  
대전북한산술  
충청도도리도리  
케이캔디구입  
전국버드  
드라퍼모집  
#서울물뽕 https://t.co/7ZTkXIB3vp",0,0,47,['서울물뽕'],"[Photo(previewUrl='https://pbs.twimg.com/media/Fr9DUG-aIAEtZaF?format=jpg&name=small', fullUrl='https://pbs.twimg.com/media/Fr9DUG-aIAEtZaF?format=jpg&name=orig', altText=None)]",Twitter Web App
2023-03-24 03:42:00+00:00,1.63911E+18,rizallistian99,rizallistian99,,,"☆ 최상퀄리티자부 텔레아디 - p i n k m a n 1 1 4 
발정제  
조인트  
트라마돌  
얼음술구하는곳  
전국프로포폴  
진통제  
#발정제 https://t.co/Oq7LVfxqqy",0,0,82,['발정제'],"[Photo(previewUrl='https://pbs.twimg.com/media/Fr9KEaiaUAAcWAG?format=jpg&name=small', fullUrl='https://pbs.twimg.com/media/Fr9KEaiaUAAcWAG?format=jpg&name=orig', altText=None)]",Twitter Web App
2023-03-24 10:05:10+00:00,1.63921E+18,AHMEDSMN646,احمدةمحمد,,,"★ 최상퀄리티자부 텔레아디 - p i n k m a n 1 1 4 
아이스뽕효과  
옥시코돈사는방법  
뽕아이스도매  
충남발정제  
강동보안업체  
MDMA  
#조인트파는곳 https://t.co/qYLSTE2yDc",0,0,19,['조인트파는곳'],"[Photo(previewUrl='https://pbs.twimg.com/media/Fr-hx9RaYAEn2_B?format=jpg&name=small', fullUrl='https://pbs.twimg.com/media/Fr-hx9RaYAEn2_B?format=jpg&name=orig', altText=None)]",Twitter Web App
2023-03-24 11:43:11+00:00,1.63923E+18,Annabelstarbaby, Annabel Grace ,,,"☞ 최상퀄리티자부 텔레아디 - p i n k m a n 1 1 4 
경기도엑시터시  
머쉬룸  
엘에스디  
섹스마약  
수원발정제  
합성떨상선  
#경남케이원석 https://t.co/vMwT0UltYs",0,0,82,['경남케이원석'],"[Photo(previewUrl='https://pbs.twimg.com/media/Fr-4ORZaEAAnOKl?format=jpg&name=small', fullUrl='https://pbs.twimg.com/media/Fr-4ORZaEAAnOKl?format=jpg&name=orig', altText=None)]",Twitter Web App
2023-03-25 05:15:14+00:00,1.6395E+18,ghdrlfeh,ghdrlfehd❤,,,"#강동🖐당일바로

L68

◟여성 ه 작업ㅈㅔ ه 물뽕 ه ㅁㅃ⭒ ◞

발정ㅈㅔ✉팝니다",0,0,233,['강동'],,Twitter Web App
2023-03-27 04:52:47+00:00,1.64022E+18,c_xc351,티메지,,,"예약⋟－Аҳŗịṅḡ－⋞

디프리반 후기

#프로포폴

발정제 구매

경남 창원  오늘🌙밤 도착",0,0,22,['프로포폴'],,Twitter Web App
2023-03-27 06:49:25+00:00,1.64024E+18,Joseph383498185,드라퍼구인 액상대마판매 몰리구매하는법(삥두),,,"#최음제  
☎ ㅌㄹㄱㄹ ID :  p i n k m a n 1 1 4 
  
환각버섯  
  
발정제  
  
파티약  
  
펜타닐사는방법  
  
경북인증업체  
  
떨느낌 https://t.co/XUtguqVeyO",0,0,31,['최음제'],"[Photo(previewUrl='https://pbs.twimg.com/media/FsNRvRlakAAPFUm?format=jpg&name=small', fullUrl='https://pbs.twimg.com/media/FsNRvRlakAAPFUm?format=jpg&name=orig', altText=None)]",Twitter Web App
2023-03-27 08:29:54+00:00,1.64027E+18,Charles72456072,밀크케타민 MDMA판매 사끼판매(대구해시시),,,"#케이사는방법  
♧ ㅌㄹㄱㄹ ID :  p i n k m a n 1 1 4 
  
대마  
  
충북발정제  
  
전국배송  
  
찬술  
  
신속드랍  
  
하우스파티 https://t.co/QlEyvMCqpO",0,0,12,['케이사는방법'],"[Photo(previewUrl='https://pbs.twimg.com/media/FsNowZxaAAA9hfz?format=jpg&name=small', fullUrl='https://pbs.twimg.com/media/FsNowZxaAAA9hfz?format=jpg&name=orig', altText=None)]",Twitter Web App
2023-03-28 10:18:56+00:00,1.64066E+18,tonguehal,전라각성제 GHB 경상도보안업체(정글주스),,,"☏ ㅌㄹㄱㄹ 24시상담 &gt;&gt; p i n k m a n 1 1 4 &lt;&lt; 
  
#창원드라퍼모집  
전남떨액  
떨액효과  
발정제  
케타민원석가격  
경북원석케타민  
전남드라퍼 https://t.co/ChtxJgngBT",0,0,32,['창원드라퍼모집'],"[Photo(previewUrl='https://pbs.twimg.com/media/FsTLRnwaUAAX0ua?format=jpg&name=small', fullUrl='https://pbs.twimg.com/media/FsTLRnwaUAAX0ua?format=jpg&name=orig', altText=None)]",Twitter Web App
2023-03-28 10:58:51+00:00,1.64067E+18,razaumair63,아이스 합성대마구입 전북캔디(대마),,,"▷ ㅌㄹㄱㄹ 24시상담 &gt;&gt; p i n k m a n 1 1 4 &lt;&lt; 
  
#우유주사  
경상도파퍼  
서울발정제  
환각버섯  
충북최음제  
충남옥시코돈  
도리도리 https://t.co/vv7q4NucVf",0,0,163,['우유주사'],"[Photo(previewUrl='https://pbs.twimg.com/media/FsTUbiTacAA1ssg?format=jpg&name=small', fullUrl='https://pbs.twimg.com/media/FsTUbiTacAA1ssg?format=jpg&name=orig', altText=None)]",Twitter Web App
2023-03-28 12:36:58+00:00,1.64069E+18,zul4ihakrj,히로뽕 히로뽕 강남케이밀크(서울좌표딜러구함),,,"▶ ㅌㄹㄱㄹ 24시상담 &gt;&gt; p i n k m a n 1 1 4 &lt;&lt; 
  
#s케타민판매처  
대마액상팝니다  
프로포폴  
발정제  
북한산술  
수면보조제후기  
뽕아이스구매처 https://t.co/DOSVg8YuYp",0,0,71,['s케타민판매처'],"[Photo(previewUrl='https://pbs.twimg.com/media/FsTq5sEaMAAw3EB?format=jpg&name=small', fullUrl='https://pbs.twimg.com/media/FsTq5sEaMAAw3EB?format=jpg&name=orig', altText=None)]",Twitter Web App
2023-03-28 17:12:28+00:00,1.64076E+18,shivagoswami110,고퀄아이스 성남수면보조제 스틸녹스하는법(북한산빙두구매하는법),,,"♧ ㅌㄹㄱㄹ 24시상담 &gt;&gt; p i n k m a n 1 1 4 &lt;&lt; 
  
weed  
강서마취제  
부산해시시  
필로폰  
수면제  
차가운술후기  
  
#발정제 https://t.co/3xHRFoDZsh",0,0,20,['발정제'],"[Photo(previewUrl='https://pbs.twimg.com/media/FsUp6gkaQAEOg2C?format=jpg&name=small', fullUrl='https://pbs.twimg.com/media/FsUp6gkaQAEOg2C?format=jpg&name=orig', altText=None)]",Twitter Web App
2023-03-28 18:45:42+00:00,1.64079E+18,yhnamislang,사칭조심 랏슈구매 충북최음제(케미컬),,philippine,"○ ㅌㄹㄱㄹ 24시상담 &gt;&gt; p i n k m a n 1 1 4 &lt;&lt; 
  
케타민원석구하는곳  
사탕  
울산발정제  
경북매직머쉬룸  
경상도크리스탈  
아이스  
  
#충북떨 https://t.co/rzPbzs06YW",0,0,40,['충북떨'],"[Photo(previewUrl='https://pbs.twimg.com/media/FsU_SNQakAA9i9P?format=jpg&name=small', fullUrl='https://pbs.twimg.com/media/FsU_SNQakAA9i9P?format=jpg&name=orig', altText=None)]",Twitter Web App
2023-03-28 18:52:46+00:00,1.64079E+18,evelynwhisky,충청도삥두 원석케타민구하는법 마리화나구매하는법(수원보안업체),,,"♥ ㅌㄹㄱㄹ 24시상담 &gt;&gt; p i n k m a n 1 1 4 &lt;&lt; 
  
해시시사는곳  
하이드로몰핀  
하이드로몰핀  
발정제  
몰리도매  
강동패치  
  
#허브구입하는방법 https://t.co/Xg3kAK5AeY",0,0,26,['허브구입하는방법'],"[Photo(previewUrl='https://pbs.twimg.com/media/FsVA61xaIAAKmCq?format=jpg&name=small', fullUrl='https://pbs.twimg.com/media/FsVA61xaIAAKmCq?format=jpg&name=orig', altText=None)]",Twitter Web App
2023-03-28 21:55:48+00:00,1.64084E+18,sjhseojoo1587,강남엘에스디 부산뽕아이스 케이(전국하선구함),,,"▷ ㅌㄹㄱㄹ 24시상담 &gt;&gt; p i n k m a n 1 1 4 &lt;&lt; 
  
발정제  
창원콕  
해시시  
우유주사  
마약  
헤로인  
  
#사티바 https://t.co/DY6AdNaL7Z",0,0,62,['사티바'],"[Photo(previewUrl='https://pbs.twimg.com/media/FsVqyN6aUAQ0BiC?format=jpg&name=small', fullUrl='https://pbs.twimg.com/media/FsVqyN6aUAQ0BiC?format=jpg&name=orig', altText=None)]",Twitter Web App
2023-03-29 03:27:35+00:00,1.64092E+18,c_neeke5,길혜진,,,"╒◖══Ｋạ톡 🆔══◗╕

발정제 구입방법 

#ㄴㅏ비약

바로 기절 흡입 마취제 클로로포름

╘◖══Knocc══◗╛

디엣 초보자 중년조건 야트",0,0,143,['ㄴㅏ비약'],,Twitter Web App
2023-03-29 03:27:40+00:00,1.64092E+18,8ZD1FCVV,배우식,,,"╓══Ｋạ톡 🆔══╖

발정제 파는곳 

전신 수면 마취제 에토미데이트 주사

#ㅍㅏ퍼

╙══Knocc══╜

여친선물 라이브 휴가 발바닥",0,0,23,['ㅍㅏ퍼'],,Twitter Web App
2023-03-29 05:03:16+00:00,1.64094E+18,river17_flower,미정이🎗,,,"예약⋟－Аҳŗịṅḡ－⋞

수면제 파는곳 

히로뽕 팝니다

#발정ㅈㅔ

서울 금천  오늘🌙밤 도착",0,0,24,['발정ㅈㅔ'],,Twitter Web App
2023-03-29 05:18:41+00:00,1.64095E+18,c_neeke5,길혜진,,,"╓══Ｋạ톡 🆔══╖

발정제 판매 

우울증 퇴치 마법의 버섯 환각 버섯

#액상대ㅁㅏ

╙══Knocc══╜

불금 먹거리 대학생폰팅 스팽",0,0,82,['액상대ㅁㅏ'],,Twitter Web App
2023-03-29 05:55:05+00:00,1.64096E+18,ibre_souls,민주주의지킬꼬야,,,"✥ zES6Ji
우유주사+프로포폴+판매+가격 #원주
✥
젖탱이 만남 멜섭 누님 브라 발정제 상납 서울
∎
⍟Tele
[go8co8]",0,0,540,['원주'],,Twitter Web App
2023-03-29 07:09:47+00:00,1.64097E+18,c_neeke5,길혜진,,,"╒◖══Ｋạ톡 🆔══◗╕

발정제 팝니다 

#랏슈

강력 성적 흥분제 러쉬파퍼( Rush Poppers ) 랏슈

╘◖══Knocc══◗╛

데이트 몸짱녀 모텔녀 망상트",0,0,148,['랏슈'],,Twitter Web App
2023-03-29 08:11:11+00:00,1.64099E+18,river17_flower,미정이🎗,,,"예약⋟－Аҳŗịṅḡ－⋞

#에토ㅁㅣ데이트

발정제 팝니다

환각버섯 구매

충청북도  충북  오늘🌙밤 도착",0,0,12,['에토ㅁㅣ데이트'],,Twitter Web App
2023-03-29 09:00:53+00:00,1.641E+18,c_neeke5,길혜진,,,"╒◖══Ｋạ톡 🆔══◗╕

졸피뎀 파는곳 

#우유주ㅅㅏ

바로 정신 잃는 기억상실 데이트 약

╘◖══Knocc══◗╛

홍대메이드 발정제 팔로우 성향자",0,0,66,['우유주ㅅㅏ'],,Twitter Web App
2023-03-29 09:24:36+00:00,1.64101E+18,mancilino,전북딜러 원석케타민 매직머쉬룸(합성대마),,Anambra state,"☎ ㅌㄹㄱㄹ 24시상담 &gt;&gt; p i n k m a n 1 1 4 &lt;&lt; 
  
부산보안드랍  
암페타민팔아요  
발정제  
합성떨판매  
대전인증업자  
신의눈물팝니다  
  
#포도허브 https://t.co/VEG0ibk479",0,0,40,['포도허브'],"[Photo(previewUrl='https://pbs.twimg.com/media/FsYIbW9aUAEzK7_?format=jpg&name=small', fullUrl='https://pbs.twimg.com/media/FsYIbW9aUAEzK7_?format=jpg&name=orig', altText=None)]",Twitter Web App
2023-03-29 11:29:06+00:00,1.64104E+18,8ZD1FCVV,배우식,,,"╒◖══Ｋạ톡 🆔══◗╕

에토미데이트 파는곳 

#발정ㅈㅔ

강력 성적 흥분제 러쉬파퍼( Rush Poppers ) 랏슈

╘◖══Knocc══◗╛

디엣 초보자 중년조건 야트",0,0,51,['발정ㅈㅔ'],,Twitter Web App
2023-03-29 12:43:05+00:00,1.64106E+18,c_neeke5,길혜진,,,"╒◖══Ｋạ톡 🆔══◗╕

환각버섯 사용후기 

#발정ㅈㅔ

전신 수면 마취제 에토미데이트 주사

╘◖══Knocc══◗╛

페이만남 요염 복근 성향트",0,0,67,['발정ㅈㅔ'],,Twitter Web App
2023-03-29 14:13:57+00:00,1.64108E+18,babykooooby,대구클파퍼 펜타닐판매합니다 원석케이(강원도파티drug),,,"▶ ㅌㄹㄱㄹ 24시상담 &gt;&gt; p i n k m a n 1 1 4 &lt;&lt; 
  
발정제  
경상도모르핀  
강북하선모집  
파티마약구하는곳  
졸피뎀  
스틸녹스구입방법  
  
#경남파퍼 https://t.co/jfGflo9vP9",0,0,102,['경남파퍼'],"[Photo(previewUrl='https://pbs.twimg.com/media/FsZKrfuaMAA1ds0?format=jpg&name=small', fullUrl='https://pbs.twimg.com/media/FsZKrfuaMAA1ds0?format=jpg&name=orig', altText=None)]",Twitter Web App
2023-03-29 18:11:17+00:00,1.64114E+18,babykooooby,대구클파퍼 펜타닐판매합니다 원석케이(강원도파티drug),,,"♧ ㅌㄹㄱㄹ 24시상담 &gt;&gt; p i n k m a n 1 1 4 &lt;&lt; 
  
대구케이  
떨액  
버드  
케타민밀크구입  
클럽파티  
전북발정제  
  
#경기도콕 https://t.co/eTR1IRQRjy",0,0,93,['경기도콕'],"[Photo(previewUrl='https://pbs.twimg.com/media/FsaA_LwaMAAH2DX?format=jpg&name=small', fullUrl='https://pbs.twimg.com/media/FsaA_LwaMAAH2DX?format=jpg&name=orig', altText=None)]",Twitter Web App
2023-03-29 18:17:35+00:00,1.64114E+18,fahri_wardanah,북한산아이스 합성대마 빙두판매처(작대기술하는방법),,,"○ ㅌㄹㄱㄹ 24시상담 &gt;&gt; p i n k m a n 1 1 4 &lt;&lt; 
  
전북러쉬  
전라도얼음  
북한산빙두  
암페타민  
강서엑스터시  
인천발정제  
  
#하선구함 https://t.co/S15urELgwz",0,0,46,['하선구함'],"[Photo(previewUrl='https://pbs.twimg.com/media/FsaCcTnacAAwHW-?format=jpg&name=small', fullUrl='https://pbs.twimg.com/media/FsaCcTnacAAwHW-?format=jpg&name=orig', altText=None)]",Twitter Web App
2023-03-30 03:50:30+00:00,1.64129E+18,d06df4c4cc,남덕우,,,"╒◖══Ｋạ톡 🆔══◗╕

#프로포폴 

하얀색 액체 정맥 전신 마취제 프로포폴 우유주사

발정제 구매

╘◖══Knocc══◗╛

육덕 암캐 노브라 유튜버",0,0,64,['프로포폴'],,Twitter Web App
2023-03-30 04:27:28+00:00,1.6413E+18,A88ee26,이순미,,,"╒◖══Ｋạ톡 🆔══◗╕

#물뽕 

바로 정신 잃는 기억상실 데이트 약

발정제 사용후기

╘◖══Knocc══◗╛

휴대폰 육덕성애자 일탈계 편의점",0,0,43,['물뽕'],,Twitter Web App
2023-03-30 05:06:49+00:00,1.64131E+18,eh6cxccc10,박은향,,,"예약⋟－Аҳŗịṅḡ－⋞

대마초 팝니다

#브액

발정제 구매

전북  남원  오늘🌙밤 도착",0,0,24,['브액'],,Twitter Web App
2023-03-30 06:58:57+00:00,1.64133E+18,asdcv5e8cvo,김다인,,,"예약⋟－Аҳŗịṅḡ－⋞

발정제 구입 방법

#ㅁㅣ다졸람

대마 구입 방법

전북  순창  오늘🌙밤 도착",0,0,24,['ㅁㅣ다졸람'],,Twitter Web App
2023-03-30 07:32:42+00:00,1.64134E+18,d06df4c4cc,남덕우,,,"╓══Ｋạ톡 🆔══╖

#발정ㅈㅔ 

클럽캔디 팝니다

클럽용 캔디 파티 마약 엑스터시 몰

╙══Knocc══╜

일상 육변기 거유 부부만남",0,0,101,['발정ㅈㅔ'],,Twitter Web App
2023-03-30 10:09:11+00:00,1.64138E+18,cakrawala_07,yusi dila oktaviani,,,"◈ 오방약국 텔레그램 &gt; p i n k m a n 1 1 4 &lt; 
  
떨  
아이스드랍  
발정제  
빙두  
캔디파는곳  
아이스뽕구매방법  
#원석케타민구입 https://t.co/X4VdhAqMPs",0,0,103,['원석케타민구입'],"[Photo(previewUrl='https://pbs.twimg.com/media/FsdcP1UaMAQK0R9?format=jpg&name=small', fullUrl='https://pbs.twimg.com/media/FsdcP1UaMAQK0R9?format=jpg&name=orig', altText=None)]",Twitter Web App
