type1,type2,date,id,user.username,user.displayname,place,user.location,content,likeCount,retweetCount,viewCount,hashtags,media,sourceLabel
LSD,엘에스디,2021-01-22 12:14:15+00:00,1.35259E+18,BoraBrown5,Bora Brown,,,"오방
배드트립
액상허브
고기소량입고
엘에스디

텔레그램 gbl42
고블린입니다

밤술에 다 잇습니다 안전거래 라이브인증",0,0,,,,Twitter Web App
LSD,엘에스디,2021-01-25 09:06:09+00:00,1.35363E+18,ElizabethGietz3,안전한 좌표 바로 발급 사칭조심,,,"엘에스디지속시간
배드트립
푸른술
케이삽니다

텔레 : nursejoy421

사기안당하는방법! 실시간물건인증 못해주면 백프로사기. https://t.co/AJw5d9wX9P",0,0,,,"[Photo(previewUrl='https://pbs.twimg.com/media/EskPfPHU4AInXlp?format=jpg&name=small', fullUrl='https://pbs.twimg.com/media/EskPfPHU4AInXlp?format=jpg&name=orig', altText=None)]",Twitter Web App
LSD,엘에스디,2021-01-27 15:44:03+00:00,1.35446E+18,iv_viviane,ㅌㄹ maojju,,,"옾화 엘에스디
cocaine 쿠쉬
CBD 도리도리팔아요

서울 경기권 최상퀄리티 대마 판매 합니다.
사칭조심 ㅡㅡ 아디정확히보고 문의해라 맞고 괜히 ㅈㄹ 하지말고

트위터 제 프로필 소개에 채널링크 있어요 https://t.co/b5Wc6jsvCb",0,0,,,"[Photo(previewUrl='https://pbs.twimg.com/media/Esv9v5tVcAYf4WH?format=jpg&name=small', fullUrl='https://pbs.twimg.com/media/Esv9v5tVcAYf4WH?format=jpg&name=orig', altText=None)]",Twitter Web App
LSD,엘에스디,2022-12-06 15:33:18+00:00,1.60015E+18,memmuhhg1,몽몽,,,"°へ°🏹     #스틸녹스판매     🎯
🎸텔레:wame658🛠️라인:popu12🔭
🚀카톡:kodak8🏍️
📎클로로포름📎 
📎 
📎 #정품스틸녹스판매📎 
📎 #정품스틸녹스구입방법📎 
📎 
환각효과는 엘에스디(LSD), 엑스터시, 대마 등에서 강하게 나타난다.",0,0,,"['스틸녹스판매', '정품스틸녹스판매', '정품스틸녹스구입방법']",,Botbird tweets
LSD,엘에스디,2023-01-09 11:13:48+00:00,1.61241E+18,BeckyLe28383985,T E L : BRN7008 종이의집(강서좌표),,,"☝ 텔 레 문 의 B R N 7008 ♦  
  
▣인증보안딜러📛 좌표 최대 1시간 발급  
  
엘에스디 weed판매합니다 
#강남보안좌표 #충청도안전업체 https://t.co/kb6IBWhli7",0,0,35,"['강남보안좌표', '충청도안전업체']","[Photo(previewUrl='https://pbs.twimg.com/media/FmBr2QTaMAEz-ei?format=jpg&name=small', fullUrl='https://pbs.twimg.com/media/FmBr2QTaMAEz-ei?format=jpg&name=orig', altText=None)]",Twitter Web App
LSD,엘에스디,2023-01-12 08:40:07+00:00,1.61346E+18,phildan02,코데인구매 짝대기판매합니다 마리화나(케이하는법),,Ur corner,"✐텔레 Riven420☝ ★ 
  
엘에스디 액떨 
작대기팔아요 하이브리드 
  
#디스펜서리사는방법  
#프로포폴 https://t.co/zoW8LdEVmS",0,0,69,"['디스펜서리사는방법', '프로포폴']","[Photo(previewUrl='https://pbs.twimg.com/media/FmQlcqOaAAAsF0a?format=jpg&name=small', fullUrl='https://pbs.twimg.com/media/FmQlcqOaAAAsF0a?format=jpg&name=orig', altText=None)]",Twitter Web App
LSD,엘에스디,2023-01-12 22:16:37+00:00,1.61366E+18,dksehdrbs77,15,,경기도,"🍰 ⚡ 🍰 ⚡ 🍰 ⚡
🎨 🎨 🎸★텔레:apam15★🛠️🔭

🚀★카톡:han-me★🏍️.
환각효과는 엘에스디(LSD), 엑스터시, 대마 등에서 강하게 나타난다.

彡💭☽(•́ε•̀;ก)💦🍶⋆¸🦢🩹
💦#정품스틸녹스구입방법💦
🦢🩹🦢🩹🦢🩹
💦#졸피뎀판매 ⎝㋡⎠
🍰 ⚡ 🍰 ⚡ 🍰 ⚡ https://t.co/Znx1mFVAzx",0,0,29,"['정품스틸녹스구입방법', '졸피뎀판매']","[Photo(previewUrl='https://pbs.twimg.com/media/FmTgWW5aUAIVFN5?format=jpg&name=small', fullUrl='https://pbs.twimg.com/media/FmTgWW5aUAIVFN5?format=jpg&name=orig', altText=None)]",Twitter Web App
LSD,엘에스디,2023-01-14 01:14:22+00:00,1.61407E+18,modytoto2013,고기구매방법 케이캔디구하는법 강북드랍(케이캔디),,"Port Said ,Egypt","TEL : Nicosi152 아이스 허브 커피파우더 케이 브액 상선 ▶ 
  
코데인구매방법  
GHB  
엘에스디구매처  
합성대마초  
#얼음술 #전북신속배송 #허브액상 https://t.co/MBJyIwm2nP",0,0,64,"['얼음술', '전북신속배송', '허브액상']","[Photo(previewUrl='https://pbs.twimg.com/media/FmZSmE9aUAADf4X?format=jpg&name=small', fullUrl='https://pbs.twimg.com/media/FmZSmE9aUAADf4X?format=jpg&name=orig', altText=None)]",Twitter Web App
LSD,엘에스디,2023-01-23 18:41:06+00:00,1.61759E+18,niczxaii,TELEGRAM pinkman114(케타민원석구입하는법),,Davao Region,"☏ 고단한 하루의 마무리는 이것과 함께 
♡ 제시핑크맨 ㅌㄹㄱㄹ &lt;&lt;pinkman114&gt;&gt; 
  
#허브효과  
  
강북신속배송  
고퀄아이스  
엘에스디팔아요  
옥시코돈구입하는방법  
경북좌표 https://t.co/833KmJzuCI",0,0,85,['허브효과'],"[Photo(previewUrl='https://pbs.twimg.com/media/FnLYfVMaMAA1UqY?format=jpg&name=small', fullUrl='https://pbs.twimg.com/media/FnLYfVMaMAA1UqY?format=jpg&name=orig', altText=None)]",Twitter Web App
LSD,엘에스디,2023-01-24 06:14:28+00:00,1.61777E+18,wkwdl669,풀잎,,,"사기걱정❌
믿고거래할수있는안전한거래처🅾️
전국최저가맛집❤️

캔디몰리클럽💊강남클럽💊
대마대마초작대기아이스
케이K케타민K원석케이원석
떨떨액브액허브허브액
뽕히로뽕필로폰코카인
LSD엘에스디Mdma엑스터시술사끼

🇺🇦텔레그램: @JoeLaw44🇺🇦
🇺🇦채널 https://t.co/iqF2fmppeg 🇺🇦 https://t.co/cqwi5OFWaN",0,0,57,,"[Photo(previewUrl='https://pbs.twimg.com/media/FnN3MH7acAAyxew?format=jpg&name=small', fullUrl='https://pbs.twimg.com/media/FnN3MH7acAAyxew?format=jpg&name=orig', altText=None), Video(thumbnailUrl='https://pbs.twimg.com/ext_tw_video_thumb/1617767741301354498/pu/img/ActbBtHcN_m9H573.jpg', variants=[VideoVariant(url='https://video.twimg.com/ext_tw_video/1617767741301354498/pu/pl/X6kMD6-MXJIw2xzV.m3u8?tag=12&container=fmp4', contentType='application/x-mpegURL', bitrate=None), VideoVariant(url='https://video.twimg.com/ext_tw_video/1617767741301354498/pu/vid/320x584/U5PQTKHyGITbqfBU.mp4?tag=12', contentType='video/mp4', bitrate=632000), VideoVariant(url='https://video.twimg.com/ext_tw_video/1617767741301354498/pu/vid/464x848/OvgFFGeJPwKuGwmb.mp4?tag=12', contentType='video/mp4', bitrate=950000)], duration=11.566, views=6, altText=None), Video(thumbnailUrl='https://pbs.twimg.com/ext_tw_video_thumb/1617767741745946624/pu/img/5piBHTA0YDihdPoJ.jpg', variants=[VideoVariant(url='https://video.twimg.com/ext_tw_video/1617767741745946624/pu/pl/Aeq3DvtgQ9nYDXYk.m3u8?tag=12&container=fmp4', contentType='application/x-mpegURL', bitrate=None), VideoVariant(url='https://video.twimg.com/ext_tw_video/1617767741745946624/pu/vid/320x584/lZarr4DrclcVKeyY.mp4?tag=12', contentType='video/mp4', bitrate=632000), VideoVariant(url='https://video.twimg.com/ext_tw_video/1617767741745946624/pu/vid/464x848/BDBCPMagVXwu1i6f.mp4?tag=12', contentType='video/mp4', bitrate=950000)], duration=12.9, views=1, altText=None)]",Twitter for iPhone
LSD,엘에스디,2023-01-30 11:52:28+00:00,1.62003E+18,jingu90777259,진구,,,"사기걱정❌
믿고거래할수있는안전한거래처🅾️
전국최저가맛집❤️

대마대마초작대기아이스
뽕히로뽕필로폰코카인
케이K케타민K원석케이원석
떨떨액브액허브허브액
LSD엘에스디Mdma
캔디몰리클럽💊강남클럽💊

🇺🇦텔레그램: @JoeLaw44🇺🇦
🇺🇦채널 https://t.co/h3EEzsnauX 🇺🇦 https://t.co/9Fcv1nANAi",0,0,17,,"[Photo(previewUrl='https://pbs.twimg.com/media/Fnt-G2lagAISLb0?format=jpg&name=small', fullUrl='https://pbs.twimg.com/media/Fnt-G2lagAISLb0?format=jpg&name=orig', altText=None), Photo(previewUrl='https://pbs.twimg.com/media/Fnt-G2lacAEmqMi?format=jpg&name=small', fullUrl='https://pbs.twimg.com/media/Fnt-G2lacAEmqMi?format=jpg&name=orig', altText=None)]",Twitter for iPhone
LSD,엘에스디,2023-01-30 17:17:10+00:00,1.62011E+18,adnanriyadhi84,adnan riyadhi,,Bogor,"◈ 서울 즉시좌표 ㅌㄹJOKERS911 
#합성떨사는법  
#밀크케타민  
  
강동드라퍼구인  
찬술판매  
엘에스디구입하는방법  
강원도안전좌표  
케이캔디구입하는법 https://t.co/hrnlaU7wBZ",0,0,24,"['합성떨사는법', '밀크케타민']","[Photo(previewUrl='https://pbs.twimg.com/media/FnvIZJHaAAAUUUq?format=jpg&name=small', fullUrl='https://pbs.twimg.com/media/FnvIZJHaAAAUUUq?format=jpg&name=orig', altText=None)]",Twitter Web App
LSD,엘에스디,2023-02-06 02:07:35+00:00,1.62242E+18,dr_none2010,발정제도매 머쉬룸후기(케이밀크하는법),,,"▷ 후기 및 공지채널 텔레pinkman1140 
  
액상떨구하는곳  
경기도전문딜러  
하우스파티  
엘에스디구매  
아이스파는곳  
졸피뎀팝니다  
#합성떨구하는법  
#충남즉시좌표 https://t.co/3ncGHnOMut",0,0,62,"['합성떨구하는법', '충남즉시좌표']","[Photo(previewUrl='https://pbs.twimg.com/media/FoP7UCCagAAkvcx?format=jpg&name=small', fullUrl='https://pbs.twimg.com/media/FoP7UCCagAAkvcx?format=jpg&name=orig', altText=None)]",Twitter Web App
LSD,엘에스디,2023-02-07 15:52:58+00:00,1.62299E+18,fiendafriend,Mian,,,"#weed  
☆ 상담텔레 pinkman114 💎 후기인증텔레 pinkman1140 
  
마리화나  
  
섹스마약사는법  
  
엘에스디판매합니다  
  
브액판매처  
  
허브  
  
브액판매 https://t.co/TAKVULSiIA",0,0,113,['weed'],"[Photo(previewUrl='https://pbs.twimg.com/media/FoYB2n8aQAA60zJ?format=jpg&name=small', fullUrl='https://pbs.twimg.com/media/FoYB2n8aQAA60zJ?format=jpg&name=orig', altText=None)]",Twitter Web App
LSD,엘에스디,2023-02-08 20:12:56+00:00,1.62341E+18,fyclynfichrach,해시시가격 우유주사하는방법 전남케타민밀크,,,"▶ T E L : pinkman114 인증딜러입니다 
  
암페타민효과  
전국보안업체  
전북엘에스디  
대마액상구입하는법  
충북차가운술  
#부산액상대마 #아이스뽕구매방법 https://t.co/0ZQBCyGex0",0,0,57,"['부산액상대마', '아이스뽕구매방법']","[Photo(previewUrl='https://pbs.twimg.com/media/FoeG8nMaEAEwPG2?format=png&name=small', fullUrl='https://pbs.twimg.com/media/FoeG8nMaEAEwPG2?format=png&name=orig', altText=None)]",Twitter Web App
LSD,엘에스디,2023-02-09 03:50:42+00:00,1.62353E+18,giselgangsar,서울포도허브 s케타민팝니다 강북떨액,,,"● TEL : pinkman114 아이스 허브 커피파우더 케이 브액 상선 
  
엘에스디가격  
용인좌표딜러모집  
대전케이  
최음제후기  
서울합성대마  
#성남북한산빙두 #작대기아이스 https://t.co/kybgyMS4i8",0,0,108,"['성남북한산빙두', '작대기아이스']","[Photo(previewUrl='https://pbs.twimg.com/media/FofvtcaaMAIQwun?format=jpg&name=small', fullUrl='https://pbs.twimg.com/media/FofvtcaaMAIQwun?format=jpg&name=orig', altText=None)]",Twitter Web App
LSD,엘에스디,2023-02-14 15:41:30+00:00,1.62552E+18,obrienoomf,북한산술사는곳 충청도찬매직머쉬정글주스구입하는방법 뽕 강원도전문딜러 버드 광주러쉬후기 액브판,,,"☎ Telegram ID :  p i n k m a n 1140 
모든인증가능 24시간상담 
  
해시시판매처 강북드랍퍼구인 
  
고퀄아이스구입방법 엘에스디 
  
떨 강동캔디 
  
#광주고퀄아이스 https://t.co/mYQHsPemhC",0,0,129,['광주고퀄아이스'],"[Photo(previewUrl='https://pbs.twimg.com/media/Fo8CV54akAAOd4d?format=jpg&name=small', fullUrl='https://pbs.twimg.com/media/Fo8CV54akAAOd4d?format=jpg&name=orig', altText=None)]",Twitter Web App
LSD,엘에스디,2023-02-21 11:21:28+00:00,1.62799E+18,LubnaWibi,T E L : 텔레ID pinkman114 인증딜러 핑크맨 신뢰 정직 안전(러쉬),,,"★ Telegram ID :  p i n k m a n 1140 ☎ 
#엑시터시하는방법  
  
드라퍼모집 물뽕하는법 
  
드러그구입하는방법 엘에스디효과 
  
LSD가격 신의눈물판매 https://t.co/W5FbU2PwKy",0,0,25,['엑시터시하는방법'],"[Photo(previewUrl='https://pbs.twimg.com/media/FpfJ-WUakAA0qJo?format=jpg&name=small', fullUrl='https://pbs.twimg.com/media/FpfJ-WUakAA0qJo?format=jpg&name=orig', altText=None)]",Twitter Web App
LSD,엘에스디,2023-02-22 17:27:43+00:00,1.62845E+18,syafirah07,Nurul Safirah,,,"● 텔레채널 &gt;pinkman114&lt; 
  
마취제하는법 강남안전좌표 
랏슈 울산트라마돌 
전남대마 서울엘에스디 
떨액상 경기도캔디 
  
#얼음팔아요 https://t.co/EUWcnBjYJK",0,0,60,['얼음팔아요'],"[Photo(previewUrl='https://pbs.twimg.com/media/FplnZbaakAEIvMx?format=jpg&name=small', fullUrl='https://pbs.twimg.com/media/FplnZbaakAEIvMx?format=jpg&name=orig', altText=None)]",Twitter Web App
LSD,엘에스디,2023-02-22 22:29:47+00:00,1.62852E+18,popelweekel,popelweekel,,,"☎ 텔 레 문 의 pinkman1140 
  
대전좌표딜러모집 황술구입 
허브사는법 충청도아이스 
서울엘에스디 강원도안전업체 
아이스뽕구하는법 울산디스펜서리 
  
#콕도매 https://t.co/aQSlBqlepS",0,0,35,['콕도매'],"[Photo(previewUrl='https://pbs.twimg.com/media/FpmshsmaIAAHxA4?format=jpg&name=small', fullUrl='https://pbs.twimg.com/media/FpmshsmaIAAHxA4?format=jpg&name=orig', altText=None)]",Twitter Web App
LSD,엘에스디,2023-02-24 17:19:11+00:00,1.62917E+18,MeravelRamos,엑케이원석도매 울산졸피뎀 마리화나(대구스페셜케타민),,,"▶ 텔레: p i n k man 114 
  
엘에스디  
  
강동발정제  
  
drug사는방법  
  
졸피뎀  
  
원석케이  
  
엑시터시효과  
#weed https://t.co/jXlhxDLBJY",0,0,129,['weed'],"[Photo(previewUrl='https://pbs.twimg.com/media/Fpv4np-aQAE_k2m?format=jpg&name=small', fullUrl='https://pbs.twimg.com/media/Fpv4np-aQAE_k2m?format=jpg&name=orig', altText=None)]",Twitter Web App
LSD,엘에스디,2023-02-24 18:58:11+00:00,1.62919E+18,mhmdafsha,경기도경기도드러그 케이캔디 경상도뽕아이스(경기도케타민원석),,,"★ 텔레: p i n k man 114 
  
세종드랍퍼  
  
드랍퍼모집  
  
엘에스디구하는곳  
  
마취제팝니다  
  
경남인증딜러  
  
아이스뽕가격  
#전북도리도리 https://t.co/xXOZGZ8ELV",0,0,13,['전북도리도리'],"[Photo(previewUrl='https://pbs.twimg.com/media/FpwPRGeaIAEBlSZ?format=jpg&name=small', fullUrl='https://pbs.twimg.com/media/FpwPRGeaIAEBlSZ?format=jpg&name=orig', altText=None)]",Twitter Web App
LSD,엘에스디,2023-02-25 11:27:05+00:00,1.62944E+18,sws0092,sws0092,,,"#강서드랍  
★ ㅌㄹㄱㄹ : p i n k m a n 1 1 4 
  
전북엘에스디  
스페셜케타민  
충남좌표  
고퀄아이스팝니다  
캔디판매  
서울드라퍼모집 https://t.co/UZP93v6TK2",0,0,27,['강서드랍'],"[Photo(previewUrl='https://pbs.twimg.com/media/FpzxlA5aUAQ4I22?format=jpg&name=small', fullUrl='https://pbs.twimg.com/media/FpzxlA5aUAQ4I22?format=jpg&name=orig', altText=None)]",Twitter Web App
LSD,엘에스디,2023-02-25 13:31:54+00:00,1.62947E+18,carmelaflrez,Carmela Delvalle,,,"#성남LSD  
☞ ㅌㄹㄱㄹ : p i n k m a n 1 1 4 
  
강남드랍퍼  
대전신속드랍  
대전하이드로몰핀  
조인트사는방법  
대마도매  
엘에스디 https://t.co/yA1CkOP5jq",0,0,63,['성남LSD'],"[Photo(previewUrl='https://pbs.twimg.com/media/Fp0OLGdaYAALHMk?format=jpg&name=small', fullUrl='https://pbs.twimg.com/media/Fp0OLGdaYAALHMk?format=jpg&name=orig', altText=None)]",Twitter Web App
LSD,엘에스디,2023-02-25 20:06:58+00:00,1.62957E+18,carmelaflrez,Carmela Delvalle,,,"#강동파티drug  
◈ ㅌㄹㄱㄹ : p i n k m a n 1 1 4 
  
전라도엘에스디  
합성대마초  
용인드러그  
강원도밀크케타민  
인천s케타민  
서울환각제 https://t.co/7ZuXqRGwmi",0,0,16,['강동파티drug'],"[Photo(previewUrl='https://pbs.twimg.com/media/Fp1olm3acAAk_ew?format=jpg&name=small', fullUrl='https://pbs.twimg.com/media/Fp1olm3acAAk_ew?format=jpg&name=orig', altText=None)]",Twitter Web App
LSD,엘에스디,2023-02-26 20:23:48+00:00,1.62994E+18,linamarriegee,충북진통제브수원충남밀크케이 포도허브 하이드로몰핀(합성대마하는방법),,,"☏ telegram: p i n k m a n 114 
  
성남아이스뽕  
우유주사구입하는방법  
떨액판매처  
작대기아이스  
수원엘에스디  
세종러쉬  
  
#서울파퍼 https://t.co/3bzjV2eNJM",0,0,50,['서울파퍼'],"[Photo(previewUrl='https://pbs.twimg.com/media/Fp62DM9aIAEwvYG?format=png&name=small', fullUrl='https://pbs.twimg.com/media/Fp62DM9aIAEwvYG?format=png&name=orig', altText=None)]",Twitter Web App
LSD,엘에스디,2023-02-28 00:14:32+00:00,1.63036E+18,Banerd35k,danice Banerd,,,"♡ 텔레24시상담 - p i n k m a n 114 
  
하선모집  
광주케타민  
강동우유주사  
LSD판매합니다  
충남엘에스디  
조인트효과  
#울산마리화나 https://t.co/VogEzwdqMV",0,0,27,['울산마리화나'],"[Photo(previewUrl='https://pbs.twimg.com/media/FqA0dH7aYAA4cc3?format=jpg&name=small', fullUrl='https://pbs.twimg.com/media/FqA0dH7aYAA4cc3?format=jpg&name=orig', altText=None)]",Twitter Web App
LSD,엘에스디,2023-02-28 00:46:37+00:00,1.63037E+18,Darlington900,annaliese Darlington,,,"♥ 텔레24시상담 - p i n k m a n 114 
  
수원버드  
사끼가격  
울산도리도리  
얼음  
엘에스디팝니다  
케타민원석  
#케미컬약효과 https://t.co/hI6JERD5zI",0,0,90,['케미컬약효과'],"[Photo(previewUrl='https://pbs.twimg.com/media/FqA7yTraIAAiGY-?format=jpg&name=small', fullUrl='https://pbs.twimg.com/media/FqA7yTraIAAiGY-?format=jpg&name=orig', altText=None)]",Twitter Web App
LSD,엘에스디,2023-02-28 01:03:52+00:00,1.63037E+18,paperintheline,paperintheline,,,"▶ 텔레24시상담 - p i n k m a n 114 
  
엘에스디판매처  
서울드라퍼구인  
케미컬  
울산드랍퍼구인  
얼음술구입하는법  
수면제  
#헤로인판매합니다 https://t.co/NvIZm4YjwQ",0,0,29,['헤로인판매합니다'],"[Photo(previewUrl='https://pbs.twimg.com/media/FqA_ttQaIAAgHMR?format=jpg&name=small', fullUrl='https://pbs.twimg.com/media/FqA_ttQaIAAgHMR?format=jpg&name=orig', altText=None)]",Twitter Web App
LSD,엘에스디,2023-02-28 02:03:23+00:00,1.63039E+18,nurwindaastuti,nurwinda astuti,,,"● 텔레24시상담 - p i n k m a n 114 
  
수면제구입하는방법  
조인트  
수원황술  
드랍퍼  
파퍼  
엘에스디  
#드라퍼구인 https://t.co/YyP1VbyXFY",0,0,39,['드라퍼구인'],"[Photo(previewUrl='https://pbs.twimg.com/media/FqBNWbbaEAA8_zk?format=jpg&name=small', fullUrl='https://pbs.twimg.com/media/FqBNWbbaEAA8_zk?format=jpg&name=orig', altText=None)]",Twitter Web App
LSD,엘에스디,2023-02-28 02:17:11+00:00,1.63039E+18,davechu21,dave chu,,,"★ 텔레24시상담 - p i n k m a n 114 
  
전국인슐린  
용인빙두  
하이드로몰핀  
후리  
차가운술사는법  
전북엘에스디  
#코카인구매방법 https://t.co/6bz9fQGAQW",0,0,20,['코카인구매방법'],"[Photo(previewUrl='https://pbs.twimg.com/media/FqBQhdBaEAMn_Kj?format=jpg&name=small', fullUrl='https://pbs.twimg.com/media/FqBQhdBaEAMn_Kj?format=jpg&name=orig', altText=None)]",Twitter Web App
LSD,엘에스디,2023-02-28 04:20:42+00:00,1.63042E+18,renz_jet,raizin macalapan,,,"♧ 텔레24시상담 - p i n k m a n 114 
  
원석케타민사는곳  
성남북한산술  
수원작대기술  
부산사탕  
전국엘에스디  
디스펜서리판매합니다  
#대마 https://t.co/TPoNXpjELS",0,0,50,['대마'],"[Photo(previewUrl='https://pbs.twimg.com/media/FqBsvdfaAAU7xIW?format=jpg&name=small', fullUrl='https://pbs.twimg.com/media/FqBsvdfaAAU7xIW?format=jpg&name=orig', altText=None)]",Twitter Web App
LSD,엘에스디,2023-02-28 08:08:29+00:00,1.63048E+18,BiebMagineLive,BiebMagineLive,,,"● 텔레24시상담 - p i n k m a n 114 
  
Molly구하는법  
마리화나  
s케타민사는방법  
엘에스디구입  
버드  
러쉬팔아요  
#물뽕가격 https://t.co/OaACg4hlZQ",0,0,6,['물뽕가격'],"[Photo(previewUrl='https://pbs.twimg.com/media/FqCg7tkaAAI1jw2?format=jpg&name=small', fullUrl='https://pbs.twimg.com/media/FqCg7tkaAAI1jw2?format=jpg&name=orig', altText=None)]",Twitter Web App
LSD,엘에스디,2023-02-28 09:34:10+00:00,1.6305E+18,Banerd35k,danice Banerd,,,"☎ 텔레24시상담 - p i n k m a n 114 
  
전남케이밀크  
세종마약  
강북보안업체  
빙두판매합니다  
작대기술구매방법  
엘에스디사는곳  
#드러그팝니다 https://t.co/8UGMjUQbwP",0,0,35,['드러그팝니다'],"[Photo(previewUrl='https://pbs.twimg.com/media/FqC0i2jaMAAA0LM?format=jpg&name=small', fullUrl='https://pbs.twimg.com/media/FqC0i2jaMAAA0LM?format=jpg&name=orig', altText=None)]",Twitter Web App
LSD,엘에스디,2023-02-28 10:21:49+00:00,1.63051E+18,paperintheline,paperintheline,,,"☆ 텔레24시상담 - p i n k m a n 114 
  
엘에스디  
대구인증업자  
수원인증업자  
서울전문딜러  
강북매직머쉬룸  
뽕하는법  
#충북MDMA https://t.co/NwOx69yA8V",0,0,41,['충북MDMA'],"[Photo(previewUrl='https://pbs.twimg.com/media/FqC_cwJaIAEcqzb?format=jpg&name=small', fullUrl='https://pbs.twimg.com/media/FqC_cwJaIAEcqzb?format=jpg&name=orig', altText=None)]",Twitter Web App
LSD,엘에스디,2023-02-28 15:01:45+00:00,1.63058E+18,ikizchan,ikiz chan,,,"☏ 텔 레 그 램 - p i n k m a n 114 
  
부산케타민원석  
작대기사는법  
인천하선구함  
모르핀구입방법  
대구모르핀  
엘에스디구매처  
  
#펜타닐파는곳 https://t.co/gUFx4UKZ1y",0,0,31,['펜타닐파는곳'],"[Photo(previewUrl='https://pbs.twimg.com/media/FqD_focagAAw3Ls?format=jpg&name=small', fullUrl='https://pbs.twimg.com/media/FqD_focagAAw3Ls?format=jpg&name=orig', altText=None)]",Twitter Web App
LSD,엘에스디,2023-02-28 15:38:25+00:00,1.63059E+18,Grinham03i,kaylee Grinham,,,"● 텔 레 그 램 - p i n k m a n 114 
  
강서아이스  
전라도빙두  
광주엑시터시  
마취제하는방법  
수원엘에스디  
환각제  
  
#경기도LSD https://t.co/FiR1jr2XVf",0,0,39,['경기도LSD'],"[Photo(previewUrl='https://pbs.twimg.com/media/FqEH6x5acAEdjsf?format=jpg&name=small', fullUrl='https://pbs.twimg.com/media/FqEH6x5acAEdjsf?format=jpg&name=orig', altText=None)]",Twitter Web App
LSD,엘에스디,2023-02-28 20:51:07+00:00,1.63067E+18,Cruickshank43o,ginnie Cruickshank,,,"▷ 텔 레 그 램 - p i n k m a n 114 
  
전북우유주사  
세종엘에스디  
강북스틸녹스  
경기도원석케이  
경남스틸녹스  
황술사는법  
  
#해시시구매처 https://t.co/fOEJE3TNGt",0,0,57,['해시시구매처'],"[Photo(previewUrl='https://pbs.twimg.com/media/FqFPejRaMAAtc5T?format=jpg&name=small', fullUrl='https://pbs.twimg.com/media/FqFPejRaMAAtc5T?format=jpg&name=orig', altText=None)]",Twitter Web App
LSD,엘에스디,2023-02-28 22:23:19+00:00,1.6307E+18,yopiariztian,yopi,,,"☏ 텔 레 그 램 - p i n k m a n 114 
  
졸피뎀구하는곳  
머쉬룸사는곳  
케이구하는법  
서울엘에스디  
액상떨팝니다  
필로폰팔아요  
  
#해시시 https://t.co/sDUrd39kwY",0,0,11,['해시시'],"[Photo(previewUrl='https://pbs.twimg.com/media/FqFklwzakAAXHtM?format=jpg&name=small', fullUrl='https://pbs.twimg.com/media/FqFklwzakAAXHtM?format=jpg&name=orig', altText=None)]",Twitter Web App
LSD,엘에스디,2023-03-01 01:11:33+00:00,1.63074E+18,aderihadatul,ade,,,"♠ 텔 레 그 램 - p i n k m a n 114 
  
전국고퀄아이스  
콕사는곳  
엘에스디사는곳  
창원원석케타민  
얼음  
대마  
  
#합성떨구입하는방법 https://t.co/MMSWtHhq7Q",0,0,21,['합성떨구입하는방법'],"[Photo(previewUrl='https://pbs.twimg.com/media/FqGLEt9acAIKvyP?format=jpg&name=small', fullUrl='https://pbs.twimg.com/media/FqGLEt9acAIKvyP?format=jpg&name=orig', altText=None)]",Twitter Web App
LSD,엘에스디,2023-03-01 13:13:57+00:00,1.63092E+18,fierdhamaulana,fierdha maulana,,,"♡ 텔 레 문의 - pink m a n 114 
대마초  
고기팔아요  
작대기술구매처  
용인엘에스디  
떨액사는법  
  
#전남찬술 https://t.co/RJiXJjCyGc",0,0,19,['전남찬술'],"[Photo(previewUrl='https://pbs.twimg.com/media/FqIwcPSaQAAedKC?format=jpg&name=small', fullUrl='https://pbs.twimg.com/media/FqIwcPSaQAAedKC?format=jpg&name=orig', altText=None)]",Twitter Web App
LSD,엘에스디,2023-03-01 18:27:06+00:00,1.631E+18,EugeneWindover3,Eugene Windover,,,"◈ 텔 레 문의 - pink m a n 114 
성남Molly  
암페타민하는방법  
아이스  
액상떨가격  
엘에스디구입하는방법  
  
#마취제 https://t.co/239kH43vD2",0,0,24,['마취제'],"[Photo(previewUrl='https://pbs.twimg.com/media/FqJ4HDWaAAAFLON?format=jpg&name=small', fullUrl='https://pbs.twimg.com/media/FqJ4HDWaAAAFLON?format=jpg&name=orig', altText=None)]",Twitter Web App
LSD,엘에스디,2023-03-02 02:55:32+00:00,1.63113E+18,bhieangel,bhie abaya,,,"☎ 텔 레 문의 - pink m a n 114 
도리도리구매  
딜러  
충남신속배송  
대마초  
엘에스디구입하는법  
  
#인천액브 https://t.co/ftN2r9kVjb",0,0,9,['인천액브'],"[Photo(previewUrl='https://pbs.twimg.com/media/FqLsfMDakAADRYO?format=jpg&name=small', fullUrl='https://pbs.twimg.com/media/FqLsfMDakAADRYO?format=jpg&name=orig', altText=None)]",Twitter Web App
LSD,엘에스디,2023-03-02 04:17:50+00:00,1.63115E+18,rhon_rhonz,rhona,,,"▷ 텔 레 문의 - pink m a n 114 
엘에스디  
마리화나구하는법  
경상도케이  
콕  
수원대마  
  
#충북북한산아이스 https://t.co/cEfJajLL7A",0,0,19,['충북북한산아이스'],"[Photo(previewUrl='https://pbs.twimg.com/media/FqL_S2XaAAEyS2Q?format=jpg&name=small', fullUrl='https://pbs.twimg.com/media/FqL_S2XaAAEyS2Q?format=jpg&name=orig', altText=None)]",Twitter Web App
LSD,엘에스디,2023-03-02 07:09:56+00:00,1.63119E+18,DANDYCASILAS,DANDY CASILAS,,,"▶ 텔 레 문의 - pink m a n 114 
경상도대마초  
경상도스틸녹스  
창원엘에스디  
액상떨  
합성대마초  
  
#북한산빙두도매 https://t.co/B7Tnx8kmkB",0,0,44,['북한산빙두도매'],"[Photo(previewUrl='https://pbs.twimg.com/media/FqMmsIWaAAU2FtT?format=jpg&name=small', fullUrl='https://pbs.twimg.com/media/FqMmsIWaAAU2FtT?format=jpg&name=orig', altText=None)]",Twitter Web App
LSD,엘에스디,2023-03-02 08:01:55+00:00,1.6312E+18,brookezachary57,brookezachary,,,"♧ 텔 레 문의 - pink m a n 114 
경북엘에스디  
발정제팝니다  
용인코데인  
모르핀사는곳  
파퍼  
  
#프로포폴파는곳 https://t.co/y6ehS5XyfB",0,0,37,['프로포폴파는곳'],"[Photo(previewUrl='https://pbs.twimg.com/media/FqMynIVagAIm_rn?format=jpg&name=small', fullUrl='https://pbs.twimg.com/media/FqMynIVagAIm_rn?format=jpg&name=orig', altText=None)]",Twitter Web App
LSD,엘에스디,2023-03-02 10:54:27+00:00,1.63125E+18,RefugiaBurr1746,Refugia Burr,,,"● 텔 레 문의 - pink m a n 114 
충청도엘에스디  
충청도아이스뽕  
대전액떨  
작대기구매방법  
댑구입하는법  
  
#대마초상선 https://t.co/FQqYYuTka6",0,0,28,['대마초상선'],"[Photo(previewUrl='https://pbs.twimg.com/media/FqNaGKMaYAEWNlR?format=png&name=small', fullUrl='https://pbs.twimg.com/media/FqNaGKMaYAEWNlR?format=png&name=orig', altText=None)]",Twitter Web App
LSD,엘에스디,2023-03-02 12:03:47+00:00,1.63126E+18,fierdhamaulana,fierdha maulana,,,"▷ 텔 레 문의 - pink m a n 114 
전북드랍  
강남드라퍼  
경기도엘에스디  
랏슈후기  
합성대마팝니다  
  
#케타민밀크구입 https://t.co/8Mcf1m8eql",0,0,59,['케타민밀크구입'],"[Photo(previewUrl='https://pbs.twimg.com/media/FqNp7DSaQAIhXOA?format=jpg&name=small', fullUrl='https://pbs.twimg.com/media/FqNp7DSaQAIhXOA?format=jpg&name=orig', altText=None)]",Twitter Web App
LSD,엘에스디,2023-03-06 14:45:23+00:00,1.63275E+18,LedxaLimrasco,파퍼구입해시시구하는법 원석케타민 창원사탕(강원도고기),,,"● 텔id: p i n k m a n 1 1 4 
  
전북파티drug  
북한산아이스하는방법  
대구엘에스디  
정글주스  
강원도최음제  
파티마약효과  
#케이후기 https://t.co/6suTylud74",0,0,170,['케이후기'],"[Photo(previewUrl='https://pbs.twimg.com/media/Fqi1TIrakAA6l0O?format=jpg&name=small', fullUrl='https://pbs.twimg.com/media/Fqi1TIrakAA6l0O?format=jpg&name=orig', altText=None)]",Twitter Web App
LSD,엘에스디,2023-03-06 21:46:32+00:00,1.63286E+18,hassanmatawala,충남포사끼구매울산weed 경남밀크케이 떨액상(대전수면유도제),,india,"★ 텔id: p i n k m a n 1 1 4 
  
도리도리하는방법  
보안업체  
엘에스디상선  
도리도리구입  
강동클럽drug  
코데인구하는법  
#강원도신속배송 https://t.co/FXhfNAvjWw",0,0,47,['강원도신속배송'],"[Photo(previewUrl='https://pbs.twimg.com/media/FqkVrrkaUAAlaR1?format=jpg&name=small', fullUrl='https://pbs.twimg.com/media/FqkVrrkaUAAlaR1?format=jpg&name=orig', altText=None)]",Twitter Web App
LSD,엘에스디,2023-03-08 04:08:09+00:00,1.63332E+18,hassanmatawala,충남포사끼구매울산weed 경남밀크케이 떨액상(대전수면유도제),,india,"☎ 텔 I D : p i n k m a n 1 1 4 
  
성남액상떨  
강서GHB  
케타민원석구하는법  
전국고퀄아이스  
크리스탈효과  
전라도엘에스디  
  
#전국디스펜서리 https://t.co/9DOj4wILm8",0,0,63,['전국디스펜서리'],"[Photo(previewUrl='https://pbs.twimg.com/media/Fqq2n6KaMAAZcQl?format=jpg&name=small', fullUrl='https://pbs.twimg.com/media/Fqq2n6KaMAAZcQl?format=jpg&name=orig', altText=None)]",Twitter Web App
LSD,엘에스디,2023-03-08 17:20:47+00:00,1.63352E+18,sambudi1982,sambudi,,,"#대마액상구매  
♠ 텔레그램 채널  p i n k m a n 1 1 4 0 
  
옥시코돈구매하는법  
  
뽕아이스하는방법  
  
아이스뽕상선  
  
우유주사구입하는법  
  
강서보안업체  
  
세종엘에스디 https://t.co/i5DuaHtaYO",0,0,33,['대마액상구매'],"[Photo(previewUrl='https://pbs.twimg.com/media/FqtsB1oaUAE2U8C?format=jpg&name=small', fullUrl='https://pbs.twimg.com/media/FqtsB1oaUAE2U8C?format=jpg&name=orig', altText=None)]",Twitter Web App
LSD,엘에스디,2023-03-08 19:00:59+00:00,1.63354E+18,alvinaustria21,alvin austria,,,"#충북weed  
▶ 텔레그램 채널  p i n k m a n 1 1 4 0 
  
용인아이스  
  
콕구매방법  
  
엘에스디구매  
  
강동드라퍼모집  
  
충북해시시  
  
찬술 https://t.co/JJKxEAUCZ3",0,0,25,['충북weed'],"[Photo(previewUrl='https://pbs.twimg.com/media/FquC94UagAAyT0f?format=jpg&name=small', fullUrl='https://pbs.twimg.com/media/FquC94UagAAyT0f?format=jpg&name=orig', altText=None)]",Twitter Web App
LSD,엘에스디,2023-03-09 08:09:03+00:00,1.63374E+18,alvinaustria21,alvin austria,,,"#성남버드  
♡ 텔레그램 채널  p i n k m a n 1 1 4 0 
  
광주엘에스디  
  
수원찬술  
  
떨액효과  
  
펜타닐판매처  
  
대구좌표딜러구함  
  
인디카 https://t.co/jTwwIJE0Te",0,0,121,['성남버드'],"[Photo(previewUrl='https://pbs.twimg.com/media/Fqw3XW3akAId1lE?format=jpg&name=small', fullUrl='https://pbs.twimg.com/media/Fqw3XW3akAId1lE?format=jpg&name=orig', altText=None)]",Twitter Web App
LSD,엘에스디,2023-03-11 08:23:18+00:00,1.63447E+18,rashellbanares,러쉬구하는법 랏슈 용인삥두(),,manila,"▷ ㅌㄹㄱㄹ : p i n k m a n 1 1 4 
  
인천떨  
보안좌표  
서울졸피뎀  
사탕파는곳  
전라도엘에스디  
해시시후기  
#광주환각버섯 https://t.co/NTbOVbPKmZ",0,0,130,['광주환각버섯'],"[Photo(previewUrl='https://pbs.twimg.com/media/Fq7NzspaUAAVkUr?format=jpg&name=small', fullUrl='https://pbs.twimg.com/media/Fq7NzspaUAAVkUr?format=jpg&name=orig', altText=None)]",Twitter Web App
LSD,엘에스디,2023-03-12 11:15:21+00:00,1.63488E+18,LienBrenna,파퍼구매처 클럽파티 각성제(수원딜러),,,"▷ 텔레그램24시상담 : p i n k m a n 1 1 4 
  
강동크리스탈 대마 
  
댑 엑시터시 
  
엘에스디 작대기아이스팝니다 
  
#삥두 https://t.co/3nLYNTdbOR",0,0,16,['삥두'],"[Photo(previewUrl='https://pbs.twimg.com/media/FrA-vouaEAUitq4?format=jpg&name=small', fullUrl='https://pbs.twimg.com/media/FrA-vouaEAUitq4?format=jpg&name=orig', altText=None)]",Twitter Web App
LSD,엘에스디,2023-03-12 16:16:38+00:00,1.63495E+18,IluminadaRosy,광수원프로포폴 작대기술 몰리(콕가격),,,"♠ ㅌㄹㄱㄹ 24시상담 : p i n k m a n 1 1 4 
  
엑시터시 창원사탕 
  
경기도케이 펜타닐 
  
인천엘에스디 케타민 
  
#충남헤로인 https://t.co/VWWaEgDBuY",0,0,67,['충남헤로인'],"[Photo(previewUrl='https://pbs.twimg.com/media/FrCDt8haMAIGvXB?format=jpg&name=small', fullUrl='https://pbs.twimg.com/media/FrCDt8haMAIGvXB?format=jpg&name=orig', altText=None)]",Twitter Web App
LSD,엘에스디,2023-03-13 19:26:03+00:00,1.63536E+18,KayceeAkiko,Akiko Kaycee,,,"#전국액상대마  
▶ 텔레그램24시상담 : p i n k m a n 1 1 4 
  
성남브액  
  
전국안전업체  
  
신속드랍  
  
경상도엘에스디  
  
크리스탈판매합니다  
  
전북액상떨 https://t.co/R3DkQtS7AU",0,0,7,['전국액상대마'],"[Photo(previewUrl='https://pbs.twimg.com/media/FrH4rRIaAAYNxib?format=jpg&name=small', fullUrl='https://pbs.twimg.com/media/FrH4rRIaAAYNxib?format=jpg&name=orig', altText=None)]",Twitter Web App
LSD,엘에스디,2023-03-13 19:32:57+00:00,1.63536E+18,VernonRobbi1,Vernon Robbi,,,"#사끼사는방법  
● 텔레그램24시상담 : p i n k m a n 1 1 4 
  
콕판매  
  
도리도리구매  
  
충북액상떨  
  
몰리  
  
환각버섯  
  
엘에스디 https://t.co/wwZOrb4URN",0,0,17,['사끼사는방법'],"[Photo(previewUrl='https://pbs.twimg.com/media/FrH6O4baUAEBKIY?format=jpg&name=small', fullUrl='https://pbs.twimg.com/media/FrH6O4baUAEBKIY?format=jpg&name=orig', altText=None)]",Twitter Web App
LSD,엘에스디,2023-03-13 19:57:35+00:00,1.63537E+18,kayla_shanta,Shanta Kayla,,,"#패치  
☏ 텔레그램24시상담 : p i n k m a n 1 1 4 
  
부산삥두  
  
떨액구입방법  
  
충청도드랍퍼모집  
  
도리도리구매  
  
떨리퀴드  
  
엘에스디파는곳 https://t.co/Oqmsa9iE5o",0,0,8,['패치'],"[Photo(previewUrl='https://pbs.twimg.com/media/FrH_2fQacAAF9bm?format=jpg&name=small', fullUrl='https://pbs.twimg.com/media/FrH_2fQacAAF9bm?format=jpg&name=orig', altText=None)]",Twitter Web App
LSD,엘에스디,2023-03-13 20:43:17+00:00,1.63538E+18,MarxRutha,Marx Rutha,,,"#케타민원석구매처  
☏ 텔레그램24시상담 : p i n k m a n 1 1 4 
  
강서크리스탈  
  
에더블하는법  
  
GHB  
  
파퍼구매방법  
  
경상도엘에스디  
  
마리화나 https://t.co/7crFscxqJ4",0,0,11,['케타민원석구매처'],"[Photo(previewUrl='https://pbs.twimg.com/media/FrIKWseaIAANcI-?format=jpg&name=small', fullUrl='https://pbs.twimg.com/media/FrIKWseaIAANcI-?format=jpg&name=orig', altText=None)]",Twitter Web App
LSD,엘에스디,2023-03-13 21:35:54+00:00,1.63539E+18,MikkiMila2,Mikki Mila,,,"#인슐린  
○ 텔레그램24시상담 : p i n k m a n 1 1 4 
  
강서대마초  
  
좌표딜러구함  
  
창원엘에스디  
  
경남드랍퍼모집  
  
충청도딜러  
  
경남보안딜러 https://t.co/C0suOYpXVU",0,0,24,['인슐린'],"[Photo(previewUrl='https://pbs.twimg.com/media/FrIWZoYaIAA89Pn?format=jpg&name=small', fullUrl='https://pbs.twimg.com/media/FrIWZoYaIAA89Pn?format=jpg&name=orig', altText=None)]",Twitter Web App
LSD,엘에스디,2023-03-13 23:51:49+00:00,1.63543E+18,EvitaBebe3,Evita Bebe,,,"#정글주스  
☞ 텔레그램24시상담 : p i n k m a n 1 1 4 
  
경북인증업체  
  
전국엘에스디  
  
이두삼  
  
대전히로뽕  
  
포도허브  
  
삥두 https://t.co/CgrRVnON7b",0,0,39,['정글주스'],"[Photo(previewUrl='https://pbs.twimg.com/media/FrI1gWmaYAAIdWx?format=jpg&name=small', fullUrl='https://pbs.twimg.com/media/FrI1gWmaYAAIdWx?format=jpg&name=orig', altText=None)]",Twitter Web App
LSD,엘에스디,2023-03-15 20:21:47+00:00,1.6361E+18,ValeneOdelia,전북진통제파는곳 인천밀크케타민 대마액상(진통제),,,"♡ ㅌㄹㄱㄹ문의 : p i n k m a n 1 1 4 
코데인  
전북러쉬  
충남보안좌표  
전라도엘에스디  
코카인도매  
전라도펜타닐  
#도리도리구매 https://t.co/s53WhjazCR",0,0,6,['도리도리구매'],"[Photo(previewUrl='https://pbs.twimg.com/media/FrSYnt8aMAALazB?format=jpg&name=small', fullUrl='https://pbs.twimg.com/media/FrSYnt8aMAALazB?format=jpg&name=orig', altText=None)]",Twitter Web App
LSD,엘에스디,2023-03-16 07:14:05+00:00,1.63626E+18,DorthaEvelia,밀파퍼구매처 클럽파티 각성제(스페셜케타민),,,"★ ㅌㄹㄱㄹ문의 : p i n k m a n 1 1 4 
엘에스디  
크리스탈  
작대기술사는방법  
MDMA  
울산마약  
케이원석  
#파티마약 https://t.co/a0oLb9JH5W",0,0,5,['파티마약'],"[Photo(previewUrl='https://pbs.twimg.com/media/FrUt6-WaAAIVA-N?format=jpg&name=small', fullUrl='https://pbs.twimg.com/media/FrUt6-WaAAIVA-N?format=jpg&name=orig', altText=None)]",Twitter Web App
LSD,엘에스디,2023-03-16 15:27:14+00:00,1.63639E+18,BerniceMarie11,Bernice Marie,,,"☏ 텔레채널검색 p i n k m a n 1 1 4 0 
  
머쉬룸구입  
엘에스디팝니다  
대마액상상선  
코데인  
전라도고기  
헤로인  
  
#수면유도제 https://t.co/xzifXrfsz0",0,0,3,['수면유도제'],"[Photo(previewUrl='https://pbs.twimg.com/media/FrWey1CaAAMf9Z5?format=jpg&name=small', fullUrl='https://pbs.twimg.com/media/FrWey1CaAAMf9Z5?format=jpg&name=orig', altText=None)]",Twitter Web App
LSD,엘에스디,2023-03-16 16:05:35+00:00,1.6364E+18,VeronikaEdwina,Veronika Edwina,,,"☏ 텔레채널검색 p i n k m a n 1 1 4 0 
  
마약효과  
강북대마액상  
고퀄아이스하는방법  
엘에스디  
창원케이  
s케타민구하는곳  
  
#마약 https://t.co/U9bsqgMEEV",0,0,,['마약'],"[Photo(previewUrl='https://pbs.twimg.com/media/FrWni1ZagAAGDzD?format=jpg&name=small', fullUrl='https://pbs.twimg.com/media/FrWni1ZagAAGDzD?format=jpg&name=orig', altText=None)]",Twitter Web App
LSD,엘에스디,2023-03-16 16:10:19+00:00,1.6364E+18,sunny_cassandra,Cassandra Sunny,,,"♡ 텔레채널검색 p i n k m a n 1 1 4 0 
  
케이팝니다  
엘에스디  
댑팝니다  
대마  
떨액구입하는방법  
인슐린구하는곳  
  
#야바 https://t.co/xYZYKs8S6Y",0,0,4,['야바'],"[Photo(previewUrl='https://pbs.twimg.com/media/FrWop-CaQAUGRVj?format=jpg&name=small', fullUrl='https://pbs.twimg.com/media/FrWop-CaQAUGRVj?format=jpg&name=orig', altText=None)]",Twitter Web App
LSD,엘에스디,2023-03-16 17:53:17+00:00,1.63643E+18,VeronikaEdwina,Veronika Edwina,,,"▷ 텔레채널검색 p i n k m a n 1 1 4 0 
  
전북원석케이  
경기도좌표  
스페셜케타민  
스틸녹스팝니다  
케이밀크구입  
엘에스디가격  
  
#보안좌표 https://t.co/KGZKp1Q2VI",0,0,4,['보안좌표'],"[Photo(previewUrl='https://pbs.twimg.com/media/FrXAOBraUAEtKgW?format=jpg&name=small', fullUrl='https://pbs.twimg.com/media/FrXAOBraUAEtKgW?format=jpg&name=orig', altText=None)]",Twitter Web App
LSD,엘에스디,2023-03-16 19:14:17+00:00,1.63645E+18,LunaMabel10,Luna Mabel,,,"▷ 텔레채널검색 p i n k m a n 1 1 4 0 
  
강원도삥두  
성남Molly  
케타민밀크  
엘에스디  
전북작대기  
북한산빙두효과  
  
#울산각성제 https://t.co/WoRQ50k9M6",0,0,3,['울산각성제'],"[Photo(previewUrl='https://pbs.twimg.com/media/FrXSw5zaQAAy0VX?format=jpg&name=small', fullUrl='https://pbs.twimg.com/media/FrXSw5zaQAAy0VX?format=jpg&name=orig', altText=None)]",Twitter Web App
LSD,엘에스디,2023-03-16 19:21:24+00:00,1.63645E+18,TamelaTrula,Tamela Trula,,,"○ 텔레채널검색 p i n k m a n 1 1 4 0 
  
뽕아이스구입하는방법  
강서코카인  
황술  
경기도뽕아이스  
펜플루라민  
서울엘에스디  
  
#프로포폴 https://t.co/fqkReKyB2u",0,0,16,['프로포폴'],"[Photo(previewUrl='https://pbs.twimg.com/media/FrXUYr4agAA6lKo?format=png&name=small', fullUrl='https://pbs.twimg.com/media/FrXUYr4agAA6lKo?format=png&name=orig', altText=None)]",Twitter Web App
LSD,엘에스디,2023-03-16 19:39:42+00:00,1.63645E+18,RonaMikki,Mikki Rona,,,"★ 텔레채널검색 p i n k m a n 1 1 4 0 
  
인천엘에스디  
경북랏슈  
파티약  
옥시코돈팔아요  
경남weed  
창원고퀄아이스  
  
#케미컬약도매 https://t.co/GZOkJwwnWE",0,0,7,['케미컬약도매'],"[Photo(previewUrl='https://pbs.twimg.com/media/FrXYj7eaMAA03Yz?format=jpg&name=small', fullUrl='https://pbs.twimg.com/media/FrXYj7eaMAA03Yz?format=jpg&name=orig', altText=None)]",Twitter Web App
LSD,엘에스디,2023-03-16 19:48:25+00:00,1.63645E+18,natalia_krissy,Krissy Natalia,,,"○ 텔레채널검색 p i n k m a n 1 1 4 0 
  
얼음술  
합성떨도매  
경남하선모집  
원석케타민  
신의눈물  
엘에스디  
  
#창원드라퍼구인 https://t.co/kwh2GJnQiG",0,0,5,['창원드라퍼구인'],"[Photo(previewUrl='https://pbs.twimg.com/media/FrXalFwacAA6Dxo?format=jpg&name=small', fullUrl='https://pbs.twimg.com/media/FrXalFwacAA6Dxo?format=jpg&name=orig', altText=None)]",Twitter Web App
LSD,엘에스디,2023-03-16 20:18:00+00:00,1.63646E+18,LeisaPa2,Leisa Pa,,,"☞ 텔레채널검색 p i n k m a n 1 1 4 0 
  
북한산빙두  
엘에스디  
액상대마  
강서케이  
액상떨판매  
작대기  
  
#전국몰리 https://t.co/KRXJu5jb7F",0,0,4,['전국몰리'],"[Photo(previewUrl='https://pbs.twimg.com/media/FrXhV4UaAAAqkGJ?format=jpg&name=small', fullUrl='https://pbs.twimg.com/media/FrXhV4UaAAAqkGJ?format=jpg&name=orig', altText=None)]",Twitter Web App
LSD,엘에스디,2023-03-16 20:42:08+00:00,1.63647E+18,TaneshaKaylee,Tanesha Kaylee,,,"♧ 텔레채널검색 p i n k m a n 1 1 4 0 
  
케미컬약  
액브판매  
엘에스디  
우유주사상선  
강동합성대마  
충청도섹스마약  
  
#부산인슐린 https://t.co/E9xCdSQrKv",0,0,5,['부산인슐린'],"[Photo(previewUrl='https://pbs.twimg.com/media/FrXm3mAaEAAwoKR?format=jpg&name=small', fullUrl='https://pbs.twimg.com/media/FrXm3mAaEAAwoKR?format=jpg&name=orig', altText=None)]",Twitter Web App
LSD,엘에스디,2023-03-17 20:54:35+00:00,1.63683E+18,shanikatrayham,SelenaAustin,,,"★ 텔레채널검색하세요 p i n k m a n 1 1 4 
  
충청도엘에스디  
스틸녹스파는곳  
수원아이스  
케타민팝니다  
허브  
파티약  
#강남히로뽕 https://t.co/AAcKU3pXpN",0,0,71,['강남히로뽕'],"[Photo(previewUrl='https://pbs.twimg.com/media/FrczTtCaMAANfa7?format=jpg&name=small', fullUrl='https://pbs.twimg.com/media/FrczTtCaMAANfa7?format=jpg&name=orig', altText=None)]",Twitter Web App
LSD,엘에스디,2023-03-18 02:32:15+00:00,1.63692E+18,jamie02871,jamie valeros,,,"☆ 텔레채널검색하세요 p i n k m a n 1 1 4 
  
짝대기  
엘에스디  
매직머쉬룸판매처  
댑  
용인엑시터시  
댑  
#엘에스디후기 https://t.co/LtiErnFULw",0,0,12,['엘에스디후기'],"[Photo(previewUrl='https://pbs.twimg.com/media/FreAltTaIAAyMm_?format=jpg&name=small', fullUrl='https://pbs.twimg.com/media/FreAltTaIAAyMm_?format=jpg&name=orig', altText=None)]",Twitter Web App
LSD,엘에스디,2023-03-18 05:30:07+00:00,1.63696E+18,nanafashionasta,Nana,,,"♧ 텔레채널검색하세요 p i n k m a n 1 1 4 
  
창원해시시  
환각버섯도매  
강원도섹스마약  
각성제사는법  
엘에스디  
포도허브  
#캔디구하는곳 https://t.co/Zf7KvqG14q",0,0,50,['캔디구하는곳'],"[Photo(previewUrl='https://pbs.twimg.com/media/FrepSXbagAUqM9y?format=jpg&name=small', fullUrl='https://pbs.twimg.com/media/FrepSXbagAUqM9y?format=jpg&name=orig', altText=None)]",Twitter Web App
LSD,엘에스디,2023-03-20 10:02:27+00:00,1.63776E+18,AlmandLai,AlmandLai,,,"☆ 텔레문의 -  p i n k m a n 1 1 4 
  
최음제  
  
해시시판매처  
  
광주엘에스디  
  
빙두도매  
  
버드사는법  
  
강북대마액상  
  
#경남에더블 https://t.co/Sfqb2U77EP",0,0,52,['경남에더블'],"[Photo(previewUrl='https://pbs.twimg.com/media/Frp6zstaAAAwQ1o?format=jpg&name=small', fullUrl='https://pbs.twimg.com/media/Frp6zstaAAAwQ1o?format=jpg&name=orig', altText=None)]",Twitter Web App
LSD,엘에스디,2023-03-20 10:37:47+00:00,1.63777E+18,keyonafindlay,keyona findlay,,,"▷ 텔레문의 -  p i n k m a n 1 1 4 
  
강북옥시코돈  
  
러쉬  
  
원석케이  
  
창원엘에스디  
  
강남딜러  
  
전남수면제  
  
#전라도코데인  
v",0,0,38,['전라도코데인'],,Twitter Web App
LSD,엘에스디,2023-03-20 15:22:28+00:00,1.63784E+18,SandyMotions,Sandy Motion FC,,Indonesia,"▷ 텔레문의 -  p i n k m a n 1 1 4 
  
조인트  
  
인천엘에스디  
  
작대기아이스하는방법  
  
고퀄아이스  
  
매직머쉬룸  
  
사끼  
  
#패치 https://t.co/q8biZ0p99o",0,0,19,['패치'],"[Photo(previewUrl='https://pbs.twimg.com/media/FrrEBtvakAEQIWT?format=jpg&name=small', fullUrl='https://pbs.twimg.com/media/FrrEBtvakAEQIWT?format=jpg&name=orig', altText=None)]",Twitter Web App
LSD,엘에스디,2023-03-20 18:00:27+00:00,1.63788E+18,mohdanis68,Mohamd anis,,,"◈ 텔레문의 -  p i n k m a n 1 1 4 
  
엑스터시상선  
  
마리화나  
  
버드  
  
엘에스디하는법  
  
전국수면유도제  
  
강원도합성대마초  
  
#북한산빙두 https://t.co/1iJCiyjSIV",0,0,39,['북한산빙두'],"[Photo(previewUrl='https://pbs.twimg.com/media/FrroNikacAAuZYQ?format=jpg&name=small', fullUrl='https://pbs.twimg.com/media/FrroNikacAAuZYQ?format=jpg&name=orig', altText=None)]",Twitter Web App
LSD,엘에스디,2023-03-20 18:25:17+00:00,1.63788E+18,adexxlly552,Omoniyi Adeola,,,"♧ 텔레문의 -  p i n k m a n 1 1 4 
  
경남케이밀크  
  
강북LSD  
  
경상도보안좌표  
  
고퀄아이스  
  
엘에스디사는곳  
  
액브사는방법  
  
#작대기술 https://t.co/8ibpVFATds",0,0,59,['작대기술'],"[Photo(previewUrl='https://pbs.twimg.com/media/Frrt5i9agAEHj-J?format=jpg&name=small', fullUrl='https://pbs.twimg.com/media/Frrt5i9agAEHj-J?format=jpg&name=orig', altText=None)]",Twitter Web App
LSD,엘에스디,2023-03-20 21:05:13+00:00,1.63792E+18,angelbose11,kolawole florence,,,"♠ 텔레문의 -  p i n k m a n 1 1 4 
  
엘에스디  
  
러미나  
  
고기판매처  
  
디스펜서리  
  
삥두  
  
강서뽕  
  
#강서브액 https://t.co/4jHXHv6uF9",0,0,12,['강서브액'],"[Photo(previewUrl='https://pbs.twimg.com/media/FrsSgQtaEAEqIwD?format=jpg&name=small', fullUrl='https://pbs.twimg.com/media/FrsSgQtaEAEqIwD?format=jpg&name=orig', altText=None)]",Twitter Web App
LSD,엘에스디,2023-03-20 21:35:48+00:00,1.63793E+18,luckyboy100791,Truong Binh Ho,,,"♥ 텔레문의 -  p i n k m a n 1 1 4 
  
weed  
  
원석케타민  
  
엘에스디팔아요  
  
에더블  
  
전북케이캔디  
  
아이스뽕하는법  
  
#서울GHB https://t.co/p14tNyNqWN",0,0,10,['서울GHB'],"[Photo(previewUrl='https://pbs.twimg.com/media/FrsZfubaIAAxjBe?format=jpg&name=small', fullUrl='https://pbs.twimg.com/media/FrsZfubaIAAxjBe?format=jpg&name=orig', altText=None)]",Twitter Web App
LSD,엘에스디,2023-03-20 23:50:23+00:00,1.63796E+18,rianmccrea,Rahmat trianto,,,"♥ 텔레문의 -  p i n k m a n 1 1 4 
  
충북엘에스디  
  
아이스  
  
드러그하는방법  
  
아이스뽕  
  
옥시코돈구하는곳  
  
짝대기  
  
#성남하선구함 https://t.co/K7BxyujtBY",0,0,14,['성남하선구함'],"[Photo(previewUrl='https://pbs.twimg.com/media/Frs4T7NaEAALXUP?format=jpg&name=small', fullUrl='https://pbs.twimg.com/media/Frs4T7NaEAALXUP?format=jpg&name=orig', altText=None)]",Twitter Web App
LSD,엘에스디,2023-03-21 01:01:10+00:00,1.63798E+18,rathwarakesh45,Rathwarakesh,,,"★ 텔레문의 -  p i n k m a n 1 1 4 
  
마취제  
  
강북하선구함  
  
강남좌표딜러구함  
  
바라시  
  
엘에스디하는방법  
  
고기  
  
#강북수면제 https://t.co/WR26NoMINB",0,0,16,['강북수면제'],"[Photo(previewUrl='https://pbs.twimg.com/media/FrtIgryaEAEwSo9?format=jpg&name=small', fullUrl='https://pbs.twimg.com/media/FrtIgryaEAEwSo9?format=jpg&name=orig', altText=None)]",Twitter Web App
LSD,엘에스디,2023-03-21 03:29:59+00:00,1.63802E+18,n0bitang0x,Nhi,,,"♡ 텔레문의 -  p i n k m a n 1 1 4 
  
Molly  
  
경상도케이캔디  
  
성남허브  
  
에더블  
  
액떨구매방법  
  
엘에스디구하는법  
  
#합성떨 https://t.co/sAx1b6dAxA",0,0,19,['합성떨'],"[Photo(previewUrl='https://pbs.twimg.com/media/Frtqk9GagAAFj3F?format=jpg&name=small', fullUrl='https://pbs.twimg.com/media/Frtqk9GagAAFj3F?format=jpg&name=orig', altText=None)]",Twitter Web App
LSD,엘에스디,2023-03-21 04:27:25+00:00,1.63803E+18,AlierChristman,AlierChristman,,,"◈ 텔레문의 -  p i n k m a n 1 1 4 
  
엘에스디  
  
마약왕  
  
이두삼  
  
강원도뽕  
  
스틸녹스  
  
황술  
  
#충남weed https://t.co/rD6sqHBwnH",0,0,44,['충남weed'],"[Photo(previewUrl='https://pbs.twimg.com/media/Frt3uHXaMAY10BE?format=jpg&name=small', fullUrl='https://pbs.twimg.com/media/Frt3uHXaMAY10BE?format=jpg&name=orig', altText=None)]",Twitter Web App
LSD,엘에스디,2023-03-21 04:31:53+00:00,1.63804E+18,devieosei,devie,,,"☏ 텔레문의 -  p i n k m a n 1 1 4 
  
스페셜케타민구매방법  
  
충남프로포폴  
  
엑시터시  
  
MDMA  
  
패치  
  
수원엘에스디  
  
#모르핀 https://t.co/Cq1ovenz7Y",0,0,51,['모르핀'],"[Photo(previewUrl='https://pbs.twimg.com/media/Frt4uzpagAA1kni?format=jpg&name=small', fullUrl='https://pbs.twimg.com/media/Frt4uzpagAA1kni?format=jpg&name=orig', altText=None)]",Twitter Web App
LSD,엘에스디,2023-03-22 01:19:58+00:00,1.63835E+18,annesandra94,아이스 합성대마구입 전북캔디(),,,"☏ 텔 레 그 램 i d &gt;&gt; p i n k m a n 1 1 4 
  
파티마약구입하는법  
엘에스디  
합성대마  
대구고퀄아이스  
진통제  
파퍼  
  
#전남엘에스디 https://t.co/BPBZji8E4y",0,0,135,['전남엘에스디'],"[Photo(previewUrl='https://pbs.twimg.com/media/FryWaR5aIAEmqVP?format=jpg&name=small', fullUrl='https://pbs.twimg.com/media/FryWaR5aIAEmqVP?format=jpg&name=orig', altText=None)]",Twitter Web App
LSD,엘에스디,2023-03-22 05:14:52+00:00,1.63841E+18,tatianadavis82,뽕아이스 찬술구매방법 작대기술(),,,"▷ 텔 레 그 램 i d &gt;&gt; p i n k m a n 1 1 4 
  
GHB  
작대기아이스  
떨구입  
마취제  
대구엘에스디  
강원도펜타닐  
  
#랏슈 https://t.co/b7BmIj869b",0,0,118,['랏슈'],"[Photo(previewUrl='https://pbs.twimg.com/media/FrzMLJraQAAbfgd?format=jpg&name=small', fullUrl='https://pbs.twimg.com/media/FrzMLJraQAAbfgd?format=jpg&name=orig', altText=None)]",Twitter Web App
LSD,엘에스디,2023-03-23 01:58:47+00:00,1.63872E+18,adinianjavidoko,강남좌표 대구합성떨 케미컬약사는곳(),,,"☏ 텔 레 그 램 i d &gt;&gt; p i n k m a n 1 1 4 
  
하이드로몰핀  
엑시터시  
북한산빙두팔아요  
강동우유주사  
대마  
대구엘에스디  
  
#환각제팔아요 https://t.co/5rpvCvFKc8",0,0,34,['환각제팔아요'],"[Photo(previewUrl='https://pbs.twimg.com/media/Fr3o3VvaMAAOpOd?format=jpg&name=small', fullUrl='https://pbs.twimg.com/media/Fr3o3VvaMAAOpOd?format=jpg&name=orig', altText=None)]",Twitter Web App
LSD,엘에스디,2023-03-23 14:21:05+00:00,1.63891E+18,HotdogNiKennan,Kennan Mandanas,,,"○ 최상퀄리티자부 텔레아디 - p i n k m a n 1 1 4 
경상도드라퍼구인  
전남안전딜러  
스틸녹스  
엘에스디가격  
강원도케미컬약  
랏슈  
#하이드로몰핀효과 https://t.co/f5blLSz5qJ",0,0,142,['하이드로몰핀효과'],"[Photo(previewUrl='https://pbs.twimg.com/media/Fr6SxqGakAAnUu5?format=jpg&name=small', fullUrl='https://pbs.twimg.com/media/Fr6SxqGakAAnUu5?format=jpg&name=orig', altText=None)]",Twitter Web App
LSD,엘에스디,2023-03-23 16:48:49+00:00,1.63895E+18,AHMEDSMN646,احمدةمحمد,,,"♧ 최상퀄리티자부 텔레아디 - p i n k m a n 1 1 4 
충북합성떨  
캔디효과  
엘에스디구매방법  
드랍퍼모집  
전남안전드랍  
전라도드라퍼모집  
#포도허브팔아요 https://t.co/UtYmb3Dp1v",0,0,11,['포도허브팔아요'],"[Photo(previewUrl='https://pbs.twimg.com/media/Fr60lRxagAAWdqX?format=jpg&name=small', fullUrl='https://pbs.twimg.com/media/Fr60lRxagAAWdqX?format=jpg&name=orig', altText=None)]",Twitter Web App
LSD,엘에스디,2023-03-23 17:13:49+00:00,1.63895E+18,fandithokk,H N D,,,"★ 최상퀄리티자부 텔레아디 - p i n k m a n 1 1 4 
전북엘에스디  
발정제  
엑스터시  
얼음술  
전남펜타닐  
밀크케타민효과  
#원석케이팔아요 https://t.co/JmJtBcb8Jq",0,0,69,['원석케이팔아요'],"[Photo(previewUrl='https://pbs.twimg.com/media/Fr66UGXaQAApM7L?format=jpg&name=small', fullUrl='https://pbs.twimg.com/media/Fr66UGXaQAApM7L?format=jpg&name=orig', altText=None)]",Twitter Web App
LSD,엘에스디,2023-03-23 17:43:12+00:00,1.63896E+18,mese198405,كاظم سعدون,,,"☏ 최상퀄리티자부 텔레아디 - p i n k m a n 1 1 4 
광주우유주사  
드랍퍼구인  
대마초  
수면제구하는곳  
서울엘에스디  
경남도리도리  
#아이스후기  
v",0,0,63,['아이스후기'],,Twitter Web App
LSD,엘에스디,2023-03-23 20:55:34+00:00,1.63901E+18,rpgpushpagupya,pushpa gupta,,,"♠ 최상퀄리티자부 텔레아디 - p i n k m a n 1 1 4 
합성대마파는곳  
삥두판매합니다  
전라도포도허브  
전국안전딜러  
충남엘에스디  
케미컬약  
#정글주스 https://t.co/HSJs4t06Qg",0,0,17,['정글주스'],"[Photo(previewUrl='https://pbs.twimg.com/media/Fr7tEHqaMAEqzP2?format=jpg&name=small', fullUrl='https://pbs.twimg.com/media/Fr7tEHqaMAEqzP2?format=jpg&name=orig', altText=None)]",Twitter Web App
LSD,엘에스디,2023-03-24 01:42:03+00:00,1.63908E+18,felda4sa,Sam,,,"☆ 최상퀄리티자부 텔레아디 - p i n k m a n 1 1 4 
강서사끼  
즉시좌표  
창원졸피뎀  
도리도리  
엘에스디  
파티drug  
#인슐린 https://t.co/mtpXf7FynX",0,0,24,['인슐린'],"[Photo(previewUrl='https://pbs.twimg.com/media/Fr8upX5aQAA6_t3?format=jpg&name=small', fullUrl='https://pbs.twimg.com/media/Fr8upX5aQAA6_t3?format=jpg&name=orig', altText=None)]",Twitter Web App
LSD,엘에스디,2023-03-24 01:56:21+00:00,1.63908E+18,lubnafaisal1,lubnafaisal,,,"◈ 최상퀄리티자부 텔레아디 - p i n k m a n 1 1 4 
우유주사  
엘에스디효과  
작대기술하는법  
발정제  
뽕도매  
필로폰구하는곳  
#경기도케이밀크 https://t.co/8S4mMET8FV",0,0,17,['경기도케이밀크'],"[Photo(previewUrl='https://pbs.twimg.com/media/Fr8x60lakAAs7Gn?format=jpg&name=small', fullUrl='https://pbs.twimg.com/media/Fr8x60lakAAs7Gn?format=jpg&name=orig', altText=None)]",Twitter Web App
LSD,엘에스디,2023-03-24 03:34:06+00:00,1.63911E+18,fandithokk,H N D,,,"♥ 최상퀄리티자부 텔레아디 - p i n k m a n 1 1 4 
랏슈  
용인엘에스디  
액상떨  
환각제파는곳  
드러그상선  
광주랏슈  
#아이스판매 https://t.co/LjZtZaIWqw",0,0,41,['아이스판매'],"[Photo(previewUrl='https://pbs.twimg.com/media/Fr9ISkJaYAAx0Ql?format=jpg&name=small', fullUrl='https://pbs.twimg.com/media/Fr9ISkJaYAAx0Ql?format=jpg&name=orig', altText=None)]",Twitter Web App
LSD,엘에스디,2023-03-24 03:35:36+00:00,1.63911E+18,beaudinkenda,beaudinkenda,,,"★ 최상퀄리티자부 텔레아디 - p i n k m a n 1 1 4 
엑스터시판매합니다  
크리스탈  
패치  
케이  
옥시코돈후기  
엘에스디  
#충청도환각제 https://t.co/L0Uev2f9lA",0,0,8,['충청도환각제'],"[Photo(previewUrl='https://pbs.twimg.com/media/Fr9IoWTaIAANv6H?format=jpg&name=small', fullUrl='https://pbs.twimg.com/media/Fr9IoWTaIAANv6H?format=jpg&name=orig', altText=None)]",Twitter Web App
LSD,엘에스디,2023-03-24 06:48:31+00:00,1.63916E+18,jackiepugh4,jackiepugh,,,"▷ 최상퀄리티자부 텔레아디 - p i n k m a n 1 1 4 
엘에스디  
엑스터시하는법  
전라도드랍퍼모집  
물뽕사는방법  
포도허브구매방법  
조인트구하는법  
#아이스 https://t.co/FmsGkWkJ73",0,0,26,['아이스'],"[Photo(previewUrl='https://pbs.twimg.com/media/Fr90xleaYAABznF?format=jpg&name=small', fullUrl='https://pbs.twimg.com/media/Fr90xleaYAABznF?format=jpg&name=orig', altText=None)]",Twitter Web App
LSD,엘에스디,2023-03-24 06:51:26+00:00,1.63916E+18,phultastk,phultastk,,,"★ 최상퀄리티자부 텔레아디 - p i n k m a n 1 1 4 
경상도하선구함  
환각버섯구입하는법  
울산조인트  
엑스터시구입방법  
인증딜러  
엘에스디가격  
#케이밀크도매 https://t.co/CSX3aTlGQ2",0,0,52,['케이밀크도매'],"[Photo(previewUrl='https://pbs.twimg.com/media/Fr91dX_aYAAgQ3O?format=jpg&name=small', fullUrl='https://pbs.twimg.com/media/Fr91dX_aYAAgQ3O?format=jpg&name=orig', altText=None)]",Twitter Web App
LSD,엘에스디,2023-03-24 08:59:37+00:00,1.63919E+18,suzyq11167,SuzyQ,,,"★ 최상퀄리티자부 텔레아디 - p i n k m a n 1 1 4 
광주코카인  
창원케타민밀크  
환각제구매  
엘에스디구입하는법  
허브  
엘에스디파는곳  
#밀크케타민구매 https://t.co/kSCZJDjLKD",0,0,62,['밀크케타민구매'],"[Photo(previewUrl='https://pbs.twimg.com/media/Fr-Sy5AaMAU6s3u?format=jpg&name=small', fullUrl='https://pbs.twimg.com/media/Fr-Sy5AaMAU6s3u?format=jpg&name=orig', altText=None)]",Twitter Web App
LSD,엘에스디,2023-03-24 10:31:41+00:00,1.63921E+18,missroyal14,missroyal,,,"☆ 최상퀄리티자부 텔레아디 - p i n k m a n 1 1 4 
스페셜케타민구매하는법  
경상도허브  
엘에스디  
진통제구하는곳  
용인황술  
하선구함  
#얼음술 https://t.co/p6vjxqMj7v",0,0,36,['얼음술'],"[Photo(previewUrl='https://pbs.twimg.com/media/Fr-n3nuaAAEiHE_?format=jpg&name=small', fullUrl='https://pbs.twimg.com/media/Fr-n3nuaAAEiHE_?format=jpg&name=orig', altText=None)]",Twitter Web App
LSD,엘에스디,2023-03-24 11:10:20+00:00,1.63922E+18,masoletapiwa,Tapiwa Martha,,,"☆ 최상퀄리티자부 텔레아디 - p i n k m a n 1 1 4 
울산안전업체  
전북하이드로몰핀  
신속드랍  
엘에스디사는방법  
수원LSD  
액떨팝니다  
#수면제 https://t.co/Y3rNciQLb3",0,0,117,['수면제'],"[Photo(previewUrl='https://pbs.twimg.com/media/Fr-wtc3akAIJFKm?format=jpg&name=small', fullUrl='https://pbs.twimg.com/media/Fr-wtc3akAIJFKm?format=jpg&name=orig', altText=None)]",Twitter Web App
LSD,엘에스디,2023-03-24 11:43:11+00:00,1.63923E+18,Annabelstarbaby, Annabel Grace ,,,"☞ 최상퀄리티자부 텔레아디 - p i n k m a n 1 1 4 
경기도엑시터시  
머쉬룸  
엘에스디  
섹스마약  
수원발정제  
합성떨상선  
#경남케이원석 https://t.co/vMwT0UltYs",0,0,80,['경남케이원석'],"[Photo(previewUrl='https://pbs.twimg.com/media/Fr-4ORZaEAAnOKl?format=jpg&name=small', fullUrl='https://pbs.twimg.com/media/Fr-4ORZaEAAnOKl?format=jpg&name=orig', altText=None)]",Twitter Web App
LSD,엘에스디,2023-03-24 13:38:33+00:00,1.63926E+18,hoothowland,hoothowland,,,"♥ 최상퀄리티자부 텔레아디 - p i n k m a n 1 1 4 
부산케타민원석  
엑시터시구하는곳  
섹스마약사는곳  
찬술판매처  
경기도짝대기  
작대기아이스도매  
#엘에스디 https://t.co/cAVTz4mHbf",0,0,113,['엘에스디'],"[Photo(previewUrl='https://pbs.twimg.com/media/Fr_So_aWwAIeAbN?format=jpg&name=small', fullUrl='https://pbs.twimg.com/media/Fr_So_aWwAIeAbN?format=jpg&name=orig', altText=None)]",Twitter Web App
LSD,엘에스디,2023-03-28 10:36:07+00:00,1.64066E+18,kred5510,댑구매방법 조인트구매 용인합성떨(수원히로뽕),,,"▶ ㅌㄹㄱㄹ 24시상담 &gt;&gt; p i n k m a n 1 1 4 &lt;&lt; 
  
#경기도드라퍼구인  
작대기아이스  
수면보조제  
북한산빙두  
엘에스디후기  
대구즉시좌표  
대마구매하는법 https://t.co/xf6k9EgZ3C",0,0,34,['경기도드라퍼구인'],"[Photo(previewUrl='https://pbs.twimg.com/media/FsTPNjlaQAEN1Vg?format=jpg&name=small', fullUrl='https://pbs.twimg.com/media/FsTPNjlaQAEN1Vg?format=jpg&name=orig', altText=None)]",Twitter Web App
LSD,엘에스디,2023-03-28 11:58:49+00:00,1.64068E+18,oyeyemioyelekan,수원MD케미컬약구입하는방법 광주원석케타민 드랍(강원도캔디),,,"♧ ㅌㄹㄱㄹ 24시상담 &gt;&gt; p i n k m a n 1 1 4 &lt;&lt; 
  
#전국배송  
충북크리스탈  
대전펜타닐  
작대기  
엘에스디구입  
대전안전업체  
마취제 https://t.co/opiaWadmnn",0,0,50,['전국배송'],"[Photo(previewUrl='https://pbs.twimg.com/media/FsTiK-_akAElHtI?format=jpg&name=small', fullUrl='https://pbs.twimg.com/media/FsTiK-_akAElHtI?format=jpg&name=orig', altText=None)]",Twitter Web App
LSD,엘에스디,2023-03-28 20:11:14+00:00,1.64081E+18,redddyhood,트라바라시 스발정제 성남아이스 강남고퀄아이스(섹스마약),,,"♧ ㅌㄹㄱㄹ 24시상담 &gt;&gt; p i n k m a n 1 1 4 &lt;&lt; 
  
떨판매처  
드러그사는방법  
엘에스디  
밀크케타민후기  
포도허브판매합니다  
하이드로몰핀사는곳  
  
#모르핀 https://t.co/RiJmjC4eFn",0,0,18,['모르핀'],"[Photo(previewUrl='https://pbs.twimg.com/media/FsVS2ysaAAczwSI?format=jpg&name=small', fullUrl='https://pbs.twimg.com/media/FsVS2ysaAAczwSI?format=jpg&name=orig', altText=None)]",Twitter Web App
LSD,엘에스디,2023-03-28 21:14:42+00:00,1.64082E+18,cathywadas188,디스펜서대전케타민원석 s케타민 캔디(경상도원석케타민),,,"♥ ㅌㄹㄱㄹ 24시상담 &gt;&gt; p i n k m a n 1 1 4 &lt;&lt; 
  
강원도엘에스디  
대마초  
인천파퍼  
전북weed  
환각파티  
마취제  
  
#버드구입하는법 https://t.co/euhDyzGk6Z",0,0,27,['버드구입하는법'],"[Photo(previewUrl='https://pbs.twimg.com/media/FsVhZ0kagAAYveL?format=jpg&name=small', fullUrl='https://pbs.twimg.com/media/FsVhZ0kagAAYveL?format=jpg&name=orig', altText=None)]",Twitter Web App
LSD,엘에스디,2023-03-28 22:30:57+00:00,1.64084E+18,idduftf,러쉬구입하는방법 수원하선모집 Molly(모르핀),,,"☎ ㅌㄹㄱㄹ 24시상담 &gt;&gt; p i n k m a n 1 1 4 &lt;&lt; 
  
서울에더블  
딜러  
전라도마리화나  
사탕  
대마초구입하는방법  
트라마돌  
  
#서울찬술  
v",0,0,19,['서울찬술'],,Twitter Web App
LSD,엘에스디,2023-03-28 23:11:05+00:00,1.64085E+18,janeoinezatq,합성대마초구입 인천도리도리 서울LSD(밀크케타민),,,"♡ ㅌㄹㄱㄹ 24시상담 &gt;&gt; p i n k m a n 1 1 4 &lt;&lt; 
  
경남작대기술  
경북GHB  
황술  
아이스뽕  
떨구매하는법  
케타민원석구입  
  
#진통제 https://t.co/I7oi4fNkLx",0,0,19,['진통제'],"[Photo(previewUrl='https://pbs.twimg.com/media/FsV8B4KacAA9o8i?format=jpg&name=small', fullUrl='https://pbs.twimg.com/media/FsV8B4KacAA9o8i?format=jpg&name=orig', altText=None)]",Twitter Web App
LSD,엘에스디,2023-03-29 00:41:25+00:00,1.64088E+18,hajwjeh,경상도하선구함 아이스뽕 인천드랍퍼모집(대마초하는법),,,"★ ㅌㄹㄱㄹ 24시상담 &gt;&gt; p i n k m a n 1 1 4 &lt;&lt; 
  
빙두  
충북엘에스디  
대마초  
케미컬  
작대기술구하는곳  
빙두구하는곳  
  
#바라시  
v",0,0,50,['바라시'],,Twitter Web App
LSD,엘에스디,2023-03-29 01:08:34+00:00,1.64088E+18,wasishah51214,성남하선모집 액상대마 합성대마구매처(하선구함),,,"◈ ㅌㄹㄱㄹ 24시상담 &gt;&gt; p i n k m a n 1 1 4 &lt;&lt; 
  
떨사는방법  
북한산술  
포도허브판매합니다  
엘에스디  
강서히로뽕  
강남하선구함  
  
#경남환각제 https://t.co/HuzCLjjv7R",0,0,24,['경남환각제'],"[Photo(previewUrl='https://pbs.twimg.com/media/FsWW4yoaUAAtqqN?format=jpg&name=small', fullUrl='https://pbs.twimg.com/media/FsWW4yoaUAAtqqN?format=jpg&name=orig', altText=None)]",Twitter Web App
LSD,엘에스디,2023-03-29 01:54:39+00:00,1.6409E+18,basitfarooq35,우유주사 캔디상선 수면보조제(전남브액),,,"★ ㅌㄹㄱㄹ 24시상담 &gt;&gt; p i n k m a n 1 1 4 &lt;&lt; 
  
마약왕  
정글주스  
클럽약  
케미컬약가격  
샘플  
경남환각제  
  
#얼음판매처 https://t.co/qf83drHMfG",0,0,27,['얼음판매처'],"[Photo(previewUrl='https://pbs.twimg.com/media/FsWheUnakAE2rQJ?format=jpg&name=small', fullUrl='https://pbs.twimg.com/media/FsWheUnakAE2rQJ?format=jpg&name=orig', altText=None)]",Twitter Web App
LSD,엘에스디,2023-03-29 01:59:13+00:00,1.6409E+18,KakkOao,부산하선모성남하선모집 액상대마 합성대마구매처(울산케타민원석),,,"♠ ㅌㄹㄱㄹ 24시상담 &gt;&gt; p i n k m a n 1 1 4 &lt;&lt; 
  
광주엑시터시  
전북떨액  
전북허브  
파티마약  
환각버섯  
엘에스디판매합니다  
  
#작대기 https://t.co/4tUzYJzwhc",0,0,22,['작대기'],"[Photo(previewUrl='https://pbs.twimg.com/media/FsWihH6aMAE40m-?format=jpg&name=small', fullUrl='https://pbs.twimg.com/media/FsWihH6aMAE40m-?format=jpg&name=orig', altText=None)]",Twitter Web App
LSD,엘에스디,2023-03-29 03:47:31+00:00,1.64092E+18,idduftf,러쉬구입하는방법 수원하선모집 Molly(모르핀),,,"★ ㅌㄹㄱㄹ 24시상담 &gt;&gt; p i n k m a n 1 1 4 &lt;&lt; 
  
러미나  
케미컬약  
대마초  
히로뽕사는곳  
허브판매합니다  
캔디  
  
#삥두도매 https://t.co/OSJ5qrOPVR",0,0,13,['삥두도매'],"[Photo(previewUrl='https://pbs.twimg.com/media/FsW7SKZaIAAEUll?format=jpg&name=small', fullUrl='https://pbs.twimg.com/media/FsW7SKZaIAAEUll?format=jpg&name=orig', altText=None)]",Twitter Web App
LSD,엘에스디,2023-03-29 04:06:09+00:00,1.64093E+18,mancilino,전북딜러 원석케타민 매직머쉬룸(합성대마),,Anambra state,"● ㅌㄹㄱㄹ 24시상담 &gt;&gt; p i n k m a n 1 1 4 &lt;&lt; 
  
콕판매  
액떨후기  
에더블  
경기도weed  
광주스틸녹스  
충청도포도허브  
  
#s케타민사는곳 https://t.co/gFIaxalYsX",0,0,17,['s케타민사는곳'],"[Photo(previewUrl='https://pbs.twimg.com/media/FsW_jTZacAIcBRv?format=jpg&name=small', fullUrl='https://pbs.twimg.com/media/FsW_jTZacAIcBRv?format=jpg&name=orig', altText=None)]",Twitter Web App
LSD,엘에스디,2023-03-29 04:23:27+00:00,1.64093E+18,brbrnrn,강북보안작대기아이수면보조제 몰리 울산해시시(경북히로뽕),,,"☏ ㅌㄹㄱㄹ 24시상담 &gt;&gt; p i n k m a n 1 1 4 &lt;&lt; 
  
충북하선모집  
경북엘에스디  
마리화나도매  
인증업체  
경상도북한산술  
s케타민  
  
#대마액상 https://t.co/ckCcSro0b0",0,0,30,['대마액상'],"[Photo(previewUrl='https://pbs.twimg.com/media/FsXDh5IaYAIeRPJ?format=jpg&name=small', fullUrl='https://pbs.twimg.com/media/FsXDh5IaYAIeRPJ?format=jpg&name=orig', altText=None)]",Twitter Web App
LSD,엘에스디,2023-03-29 05:24:58+00:00,1.64095E+18,evelynwhisky,충청도삥두 원석케타민구하는법 마리화나구매하는법(수원보안업체),,,"☆ ㅌㄹㄱㄹ 24시상담 &gt;&gt; p i n k m a n 1 1 4 &lt;&lt; 
  
강북사탕  
펜타닐구매  
인슐린  
MDMA상선  
엘에스디  
수원합성떨  
  
#북한산빙두구입방법 https://t.co/pcOlEhLgsT",0,0,39,['북한산빙두구입방법'],"[Photo(previewUrl='https://pbs.twimg.com/media/FsXRm_oakAASHug?format=png&name=small', fullUrl='https://pbs.twimg.com/media/FsXRm_oakAASHug?format=png&name=orig', altText=None)]",Twitter Web App
LSD,엘에스디,2023-03-29 05:50:15+00:00,1.64095E+18,MikeCocoli,케미컬약구입하는방법 광주원석케타민 드랍(충북수면유도제),,,"▶ ㅌㄹㄱㄹ 24시상담 &gt;&gt; p i n k m a n 1 1 4 &lt;&lt; 
  
작대기술사는방법  
즉시좌표  
보안딜러  
인디카  
강남합성떨  
정글주스  
  
#엑스터시 https://t.co/sOLQM99I66",0,0,16,['엑스터시'],"[Photo(previewUrl='https://pbs.twimg.com/media/FsXXZQsacAA8hC_?format=jpg&name=small', fullUrl='https://pbs.twimg.com/media/FsXXZQsacAA8hC_?format=jpg&name=orig', altText=None)]",Twitter Web App
LSD,엘에스디,2023-03-29 05:57:19+00:00,1.64096E+18,razaumair63,아이스 합성대마구입 전북캔디(대마),,,"♡ ㅌㄹㄱㄹ 24시상담 &gt;&gt; p i n k m a n 1 1 4 &lt;&lt; 
  
엘에스디사는방법  
각성제  
정글주스  
강남러쉬  
삥두  
전국즉시좌표  
  
#강동드라퍼 https://t.co/NBFR5KP8Yq",0,0,35,['강동드라퍼'],"[Photo(previewUrl='https://pbs.twimg.com/media/FsXY-v5akAAuIZB?format=jpg&name=small', fullUrl='https://pbs.twimg.com/media/FsXY-v5akAAuIZB?format=jpg&name=orig', altText=None)]",Twitter Web App
LSD,엘에스디,2023-03-29 06:16:55+00:00,1.64096E+18,MarionKarimu,대전케이 케이밀크하는방법 전남좌표딜러모집(얼음상선),,,"○ ㅌㄹㄱㄹ 24시상담 &gt;&gt; p i n k m a n 1 1 4 &lt;&lt; 
  
충남신속배송  
작대기아이스구입방법  
졸피뎀  
몰리구하는곳  
수면보조제  
창원드러그  
  
#원석케이 https://t.co/7pPuS6sC1h",0,0,74,['원석케이'],"[Photo(previewUrl='https://pbs.twimg.com/media/FsXde4AaQAALbpB?format=jpg&name=small', fullUrl='https://pbs.twimg.com/media/FsXde4AaQAALbpB?format=jpg&name=orig', altText=None)]",Twitter Web App
LSD,엘에스디,2023-03-29 07:05:52+00:00,1.64097E+18,safsadfgsdag,고퀄아이스구매방법 수면유도제 파티마약(고퀄아이스도매),,,"★ ㅌㄹㄱㄹ 24시상담 &gt;&gt; p i n k m a n 1 1 4 &lt;&lt; 
  
대구사탕  
섹스파티  
신의눈물  
환각제구매처  
강동파퍼  
엘에스디  
  
#헤로인상선 https://t.co/RL1onuKGQJ",0,0,54,['헤로인상선'],"[Photo(previewUrl='https://pbs.twimg.com/media/FsXotINakAAuOVj?format=jpg&name=small', fullUrl='https://pbs.twimg.com/media/FsXotINakAAuOVj?format=jpg&name=orig', altText=None)]",Twitter Web App
LSD,엘에스디,2023-03-29 10:26:27+00:00,1.64102E+18,mixedtapeshawn,경남케타민밀크 에더블 스페셜케타민구매처(엘에스디),,,"▶ ㅌㄹㄱㄹ 24시상담 &gt;&gt; p i n k m a n 1 1 4 &lt;&lt; 
  
울산엘에스디  
원석케이  
안전딜러  
s케타민  
엘에스디  
전국안전딜러  
  
#도리도리 https://t.co/cmcN9D4Q6I",0,0,34,['도리도리'],"[Photo(previewUrl='https://pbs.twimg.com/media/FsYWmcHagAEb_s0?format=jpg&name=small', fullUrl='https://pbs.twimg.com/media/FsYWmcHagAEb_s0?format=jpg&name=orig', altText=None)]",Twitter Web App
LSD,엘에스디,2023-03-29 10:48:28+00:00,1.64103E+18,lessmith86,경기드러그도매 성남버드 s케타민(엘에스디),,,"▷ ㅌㄹㄱㄹ 24시상담 &gt;&gt; p i n k m a n 1 1 4 &lt;&lt; 
  
수면보조제구매방법  
충북히로뽕  
모르핀판매처  
하이드로몰핀하는법  
용인떨  
허브효과  
  
#대전도리도리 https://t.co/xRiSasI0O5",0,0,24,['대전도리도리'],"[Photo(previewUrl='https://pbs.twimg.com/media/FsYbpM8acAAeuPK?format=jpg&name=small', fullUrl='https://pbs.twimg.com/media/FsYbpM8acAAeuPK?format=jpg&name=orig', altText=None)]",Twitter Web App
LSD,엘에스디,2023-03-29 13:04:09+00:00,1.64106E+18,kandoriyajiya,충청도마정글주스구매처 마약왕 인천랏슈(광주하선구함),,,"▷ ㅌㄹㄱㄹ 24시상담 &gt;&gt; p i n k m a n 1 1 4 &lt;&lt; 
  
몰리  
필로폰구매처  
드라퍼모집  
경기도허브액상  
경북엘에스디  
강남보안딜러  
  
#고기구매하는법 https://t.co/4TodFNBhcY",0,0,57,['고기구매하는법'],"[Photo(previewUrl='https://pbs.twimg.com/media/FsY6sGOakAEi8b3?format=jpg&name=small', fullUrl='https://pbs.twimg.com/media/FsY6sGOakAEi8b3?format=jpg&name=orig', altText=None)]",Twitter Web App
LSD,엘에스디,2023-03-29 14:07:09+00:00,1.64108E+18,Ardis_waddell,강북액브 서울히로뽕 드러그효과 사끼(합성대마도매),,,"♠ ㅌㄹㄱㄹ 24시상담 &gt;&gt; p i n k m a n 1 1 4 &lt;&lt; 
  
코데인  
스페셜케타민  
수면제  
원석케타민  
캔디구매하는법  
경기도엘에스디  
  
#머쉬룸  
v",0,0,22,['머쉬룸'],,Twitter Web App
LSD,엘에스디,2023-03-29 14:52:37+00:00,1.64109E+18,alimemon3224,경몰리구입하는방법 조인트 케이밀크구입(작대기아이스),,,"☏ ㅌㄹㄱㄹ 24시상담 &gt;&gt; p i n k m a n 1 1 4 &lt;&lt; 
  
작대기술구입  
전라도히로뽕  
광주실시간좌표  
강북액상대마  
경북옥시코돈  
창원엘에스디  
  
#아이스뽕 https://t.co/hdAEde903q",0,0,1230,['아이스뽕'],"[Photo(previewUrl='https://pbs.twimg.com/media/FsZTiMLaQAISi3e?format=jpg&name=small', fullUrl='https://pbs.twimg.com/media/FsZTiMLaQAISi3e?format=jpg&name=orig', altText=None)]",Twitter Web App
LSD,엘에스디,2023-03-29 15:21:26+00:00,1.6411E+18,mixedtapeshawn,경남케타민밀크 에더블 스페셜케타민구매처(엘에스디),,,"☆ ㅌㄹㄱㄹ 24시상담 &gt;&gt; p i n k m a n 1 1 4 &lt;&lt; 
  
진통제  
딜러  
Molly구하는곳  
전남전문딜러  
진통제후기  
옥시코돈구입  
  
#수원합성대마 https://t.co/Kl312I7zOF",0,0,19,['수원합성대마'],"[Photo(previewUrl='https://pbs.twimg.com/media/FsZaH1qaIAARzh3?format=jpg&name=small', fullUrl='https://pbs.twimg.com/media/FsZaH1qaIAARzh3?format=jpg&name=orig', altText=None)]",Twitter Web App
LSD,엘에스디,2023-03-29 15:29:44+00:00,1.6411E+18,cians123,케미컬경기도엘에스디 경상도졸피뎀 액브판매합니다(작대기아이스),,,"♥ ㅌㄹㄱㄹ 24시상담 &gt;&gt; p i n k m a n 1 1 4 &lt;&lt; 
  
환각버섯  
케이캔디사는방법  
코카인  
경상도각성제  
아이스뽕  
스틸녹스파는곳  
  
#합성떨 https://t.co/Y03aodTTWp",0,0,89,['합성떨'],"[Photo(previewUrl='https://pbs.twimg.com/media/FsZcCSLaYAAjg29?format=jpg&name=small', fullUrl='https://pbs.twimg.com/media/FsZcCSLaYAAjg29?format=jpg&name=orig', altText=None)]",Twitter Web App
LSD,엘에스디,2023-03-29 15:34:44+00:00,1.6411E+18,lessmith86,경기드러그도매 성남버드 s케타민(엘에스디),,,"○ ㅌㄹㄱㄹ 24시상담 &gt;&gt; p i n k m a n 1 1 4 &lt;&lt; 
  
인천작대기  
액브  
엘에스디  
샘플  
강동케미컬약  
울산대마액상  
  
#YABA https://t.co/g3lOIoGxh1",0,0,67,['YABA'],"[Photo(previewUrl='https://pbs.twimg.com/media/FsZdJ-sagAA4sXe?format=jpg&name=small', fullUrl='https://pbs.twimg.com/media/FsZdJ-sagAA4sXe?format=jpg&name=orig', altText=None)]",Twitter Web App
LSD,엘에스디,2023-03-29 15:45:02+00:00,1.6411E+18,paapaankomah,정글주스 북한산아이스팔아요 경남드랍퍼모집(매직머쉬룸),,,"▷ ㅌㄹㄱㄹ 24시상담 &gt;&gt; p i n k m a n 1 1 4 &lt;&lt; 
  
전북몰리  
s케타민  
전남대마액상  
클럽약  
충청도엘에스디  
케타민밀크  
  
#랏슈상선  
v",0,0,24,['랏슈상선'],,Twitter Web App
LSD,엘에스디,2023-03-29 17:00:29+00:00,1.64112E+18,kloningx186,엑시터시 북한산술 대구작대기술(모르핀),,,"◈ ㅌㄹㄱㄹ 24시상담 &gt;&gt; p i n k m a n 1 1 4 &lt;&lt; 
  
액떨  
액상떨  
YABA  
엘에스디하는법  
용인디스펜서리  
진통제  
  
#포도허브 https://t.co/PQ0clPvr95",0,0,51,['포도허브'],"[Photo(previewUrl='https://pbs.twimg.com/media/FsZwybVaYAAqxwx?format=jpg&name=small', fullUrl='https://pbs.twimg.com/media/FsZwybVaYAAqxwx?format=jpg&name=orig', altText=None)]",Twitter Web App
LSD,엘에스디,2023-03-29 17:24:18+00:00,1.64113E+18,vivi_lame,고퀄아이엑스터시판매 최음제 인증딜러(작대기),,,"♥ ㅌㄹㄱㄹ 24시상담 &gt;&gt; p i n k m a n 1 1 4 &lt;&lt; 
  
대구보안딜러  
수원GHB  
엘에스디  
액상허브  
대마가격  
강동고기  
  
#히로뽕구입 https://t.co/VFAaSVjinZ",0,0,65,['히로뽕구입'],"[Photo(previewUrl='https://pbs.twimg.com/media/FsZ2QHTagAEfmcj?format=png&name=small', fullUrl='https://pbs.twimg.com/media/FsZ2QHTagAEfmcj?format=png&name=orig', altText=None)]",Twitter Web App
LSD,엘에스디,2023-03-29 17:50:14+00:00,1.64114E+18,sjhseojoo1587,강남엘에스디 부산뽕아이스 케이(전국하선구함),,,"♠ ㅌㄹㄱㄹ 24시상담 &gt;&gt; p i n k m a n 1 1 4 &lt;&lt; 
  
환각버섯  
대구우유주사  
충북떨액  
클럽파티  
전남엑시터시  
엑스터시  
  
#부산드랍퍼 https://t.co/BfnmMsFLRg",0,0,56,['부산드랍퍼'],"[Photo(previewUrl='https://pbs.twimg.com/media/FsZ8LuaaAAAeQXV?format=jpg&name=small', fullUrl='https://pbs.twimg.com/media/FsZ8LuaaAAAeQXV?format=jpg&name=orig', altText=None)]",Twitter Web App
LSD,엘에스디,2023-03-29 18:23:24+00:00,1.64114E+18,agel2809,좌표딜러모삥두 성남엑스터시 대마(작대기술사는곳),,,"○ ㅌㄹㄱㄹ 24시상담 &gt;&gt; p i n k m a n 1 1 4 &lt;&lt; 
  
엘에스디  
경기도드랍퍼  
충북뽕  
인천보안딜러  
경상도케이밀크  
창원물뽕  
  
#아이스구입방법 https://t.co/HBtgUm1QHE",0,0,57,['아이스구입방법'],"[Photo(previewUrl='https://pbs.twimg.com/media/FsaDx3MaUAA9KGW?format=jpg&name=small', fullUrl='https://pbs.twimg.com/media/FsaDx3MaUAA9KGW?format=jpg&name=orig', altText=None)]",Twitter Web App
LSD,엘에스디,2023-03-29 19:15:14+00:00,1.64116E+18,mixedtapeshawn,경남케타민밀크 에더블 스페셜케타민구매처(엘에스디),,,"☆ ㅌㄹㄱㄹ 24시상담 &gt;&gt; p i n k m a n 1 1 4 &lt;&lt; 
  
러쉬  
케이도매  
강동삥두  
북한산빙두구입  
수원밀크케이  
Molly  
  
#최음제 https://t.co/tf8Sz17J6s",0,0,60,['최음제'],"[Photo(previewUrl='https://pbs.twimg.com/media/FsaPnOOakAAO37U?format=jpg&name=small', fullUrl='https://pbs.twimg.com/media/FsaPnOOakAAO37U?format=jpg&name=orig', altText=None)]",Twitter Web App
LSD,엘에스디,2023-03-29 19:23:06+00:00,1.64116E+18,cians123,케미컬경기도엘에스디 경상도졸피뎀 액브판매합니다(작대기아이스),,,"★ ㅌㄹㄱㄹ 24시상담 &gt;&gt; p i n k m a n 1 1 4 &lt;&lt; 
  
허브액상  
콕효과  
전국드러그  
아이스판매합니다  
빙두  
대전마취제  
  
#밀크케이 https://t.co/fVfw970hep",0,0,42,['밀크케이'],"[Photo(previewUrl='https://pbs.twimg.com/media/FsaRbhzaAAAITDS?format=jpg&name=small', fullUrl='https://pbs.twimg.com/media/FsaRbhzaAAAITDS?format=jpg&name=orig', altText=None)]",Twitter Web App
LSD,엘에스디,2023-03-30 08:38:24+00:00,1.64136E+18,teamofbeau,team of beau,,,"♥ 오방약국 텔레그램 &gt; p i n k m a n 1 1 4 &lt; 
  
안전좌표  
허브  
광주액상떨  
전국해시시  
합성떨  
부산엘에스디  
#액상대마사는방법 https://t.co/TqHCFo0ZlL",0,0,89,['액상대마사는방법'],"[Photo(previewUrl='https://pbs.twimg.com/media/FsdHeU2aQAEQesl?format=png&name=small', fullUrl='https://pbs.twimg.com/media/FsdHeU2aQAEQesl?format=png&name=orig', altText=None)]",Twitter Web App
LSD,엘에스디,2023-03-30 09:37:56+00:00,1.64137E+18,jhdmcfhntg876,khewgtiy,,,"☎ 오방약국 텔레그램 &gt; p i n k m a n 1 1 4 &lt; 
  
대전엘에스디  
수면보조제  
전남신속배송  
헤로인  
경상도수면보조제  
강동엘에스디  
#강남얼음술 https://t.co/JjsJo7QdAT",0,0,77,['강남얼음술'],"[Photo(previewUrl='https://pbs.twimg.com/media/FsdVG3lacAA97vz?format=jpg&name=small', fullUrl='https://pbs.twimg.com/media/FsdVG3lacAA97vz?format=jpg&name=orig', altText=None)]",Twitter Web App
LSD,엘에스디,2023-03-30 09:59:13+00:00,1.64138E+18,jhdmcfhntg876,khewgtiy,,,"♡ 오방약국 텔레그램 &gt; p i n k m a n 1 1 4 &lt; 
  
정글주스  
전남도리도리  
러쉬  
s케타민구입하는방법  
전북몰리  
하우스파티  
#엘에스디 https://t.co/R7qmNkGeQn",0,0,1149,['엘에스디'],"[Photo(previewUrl='https://pbs.twimg.com/media/FsdZ8pOaEAEHK72?format=jpg&name=small', fullUrl='https://pbs.twimg.com/media/FsdZ8pOaEAEHK72?format=jpg&name=orig', altText=None)]",Twitter Web App
LSD,엘에스디,2023-03-30 10:58:15+00:00,1.64139E+18,honeyGuns2716,김동인,,,"🍰 ⚡ 🍰 ⚡ 🍰 ⚡
🎸텔레:wame658🛠️라인:popu12🔭
🚀카톡:kodak8🏍️
환각효과는 엘에스디(LSD), 엑스터시, 대마 등에서 강하게 나타난다.

彡💭☽(•́ε•̀;ก)💦🍶⋆¸🦢🩹
💦#정품스틸녹스구입방법💦
「#환각제」「플루니트라제팜」
💦#강력수면제구입⎝㋡⎠
🍰 ⚡ 🍰 ⚡ 🍰 ⚡",0,0,24,"['정품스틸녹스구입방법', '환각제', '강력수면제구입']",,Botbird tweets
LSD,엘에스디,2023-03-30 14:18:22+00:00,1.64144E+18,Z4BdlVx1xun8MWD,♡빠찡꼬레♡,,,"✎＿＿＿＿＿＿

°へ°🏹     #스틸녹스판매     🎯
🎨 🎨 🎸★텔레:apam15★🛠️🔭

🚀★카톡:han-me★🏍️. .
📎클로로포름📎 
📎 
📎 #정품스틸녹스판매📎 
📎 #정품스틸녹스구입방법📎 
📎 
환각효과는 엘에스디(LSD), 엑스터시, 대마 등에서 강하게 나타난다.",0,0,14,"['스틸녹스판매', '정품스틸녹스판매', '정품스틸녹스구입방법']",,Botbird tweets
LSD,엘에스디,2023-03-30 16:18:21+00:00,1.64147E+18,Z4BdlVx1xun8MWD,♡빠찡꼬레♡,,,"°へ°🏹     #스틸녹스판매     🎯
🎨 🎨 🎸★텔레:apam15★🛠️🔭

🚀★카톡:han-me★🏍️. .
📎클로로포름📎 
📎 
📎 #정품스틸녹스판매📎 
📎 #정품스틸녹스구입방법📎 
📎 
환각효과는 엘에스디(LSD), 엑스터시, 대마 등에서 강하게 나타난다.",0,0,12,"['스틸녹스판매', '정품스틸녹스판매', '정품스틸녹스구입방법']",,Botbird tweets
LSD,엘에스디,2023-03-30 18:13:30+00:00,1.6415E+18,wlsdud849,ㅇ,,,"⤷ 𝄢펜토바르비탈𝄢
🎸텔레:wame658🛠️라인:popu12🔭
🚀카톡:kodak8🏍️
♐︎♐#러쉬파퍼구입하는곳✧✧

환각효과는 엘에스디, 엑스터시, 대마 등에서 강하게 나타난다.
▞#엑스터시구입방법▚
🎢 🎢 🎢",0,0,94,"['러쉬파퍼구입하는곳', '엑스터시구입방법']",,Botbird tweets
LSD,엘에스디,2023-03-30 19:03:22+00:00,1.64152E+18,HeoseongI,허성인,,,"╭───── ( #스틸녹스판매 )
🃏 #정품스틸녹스판매🃏 
🃏 🍥
🃏 #정품스틸녹스구입방법🃏 
🎨 🎨 🎸★텔레:apam15★🛠️🔭

🚀★카톡:han-me★🏍️. .
환각효과는 엘에스디(LSD), 엑스터시, 대마 등에서 강하게 나타난다.

┆            ✿
✿",0,0,12,"['스틸녹스판매', '정품스틸녹스판매', '정품스틸녹스구입방법']",,Botbird tweets
