,date,id,user.username,user.displayname,place,user.location,content,likeCount,retweetCount,viewCount,hashtags,media,sourceLabel
0,2023-03-30 09:47:10+00:00,1.64138E+18,cakrawala_07,yusi dila oktaviani,,,"▷ 오방약국 텔레그램 &gt; p i n k m a n 1 1 4 &lt; 
  
콕  
용인대마  
떨액판매  
클럽drug  
용인합성떨  
얼음술구매처  
#케이밀크 https://t.co/A282Rwy6UZ",0,0,58,['케이밀크'],"[Photo(previewUrl='https://pbs.twimg.com/media/FsdXN4OakAABmpP?format=jpg&name=small', fullUrl='https://pbs.twimg.com/media/FsdXN4OakAABmpP?format=jpg&name=orig', altText=None)]",Twitter Web App
1,2023-03-30 09:03:49+00:00,1.64137E+18,cakrawala_07,yusi dila oktaviani,,,"♧ 오방약국 텔레그램 &gt; p i n k m a n 1 1 4 &lt; 
  
떨  
창원합성대마  
전북스페셜케타민  
부산떨액  
파티drug  
하이드로몰핀구하는법  
#작대기술 https://t.co/9AsKjN2Igf",0,0,71,['작대기술'],"[Photo(previewUrl='https://pbs.twimg.com/media/FsdNTURaEAY9wjk?format=jpg&name=small', fullUrl='https://pbs.twimg.com/media/FsdNTURaEAY9wjk?format=jpg&name=orig', altText=None)]",Twitter Web App
2,2023-03-29 19:16:54+00:00,1.64116E+18,mgcreckless,창원좌표딜러구함 패치 스틸녹스판매(떨),,,"▶ ㅌㄹㄱㄹ 24시상담 &gt;&gt; p i n k m a n 1 1 4 &lt;&lt; 
  
부산트라마돌  
고퀄아이스  
신의눈물구입  
서울대마  
충청도안전좌표  
강남합성대마  
  
#환각버섯사는방법 https://t.co/kTieC1Flx5",0,0,54,['환각버섯사는방법'],"[Photo(previewUrl='https://pbs.twimg.com/media/FsaQA-zaMAA9S8e?format=jpg&name=small', fullUrl='https://pbs.twimg.com/media/FsaQA-zaMAA9S8e?format=jpg&name=orig', altText=None)]",Twitter Web App
3,2023-03-29 17:14:27+00:00,1.64113E+18,whitneylepage,수경상도강원도코데인 해시시 허브구입방법(Molly팔아요),,,"★ ㅌㄹㄱㄹ 24시상담 &gt;&gt; p i n k m a n 1 1 4 &lt;&lt; 
  
신의눈물  
경기도도리도리  
댑  
합성대마  
북한산아이스  
클럽drug  
  
#물뽕 https://t.co/NQcWrCctNr",0,0,30,['물뽕'],"[Photo(previewUrl='https://pbs.twimg.com/media/FsZz-yUaAAE_csD?format=jpg&name=small', fullUrl='https://pbs.twimg.com/media/FsZz-yUaAAE_csD?format=jpg&name=orig', altText=None)]",Twitter Web App
4,2023-03-29 17:06:45+00:00,1.64112E+18,BFSriSuyekti,합성떨구입방법 랏슈 케이원석팝니다(코데인),,,"☞ ㅌㄹㄱㄹ 24시상담 &gt;&gt; p i n k m a n 1 1 4 &lt;&lt; 
  
정글주스  
도리도리  
진통제  
하선구함  
전국합성대마  
매직머쉬룸  
  
#암페타민 https://t.co/rOC5mBEtYd",0,0,29,['암페타민'],"[Photo(previewUrl='https://pbs.twimg.com/media/FsZyPdSagAAdZDK?format=jpg&name=small', fullUrl='https://pbs.twimg.com/media/FsZyPdSagAAdZDK?format=jpg&name=orig', altText=None)]",Twitter Web App
5,2023-03-29 16:12:17+00:00,1.64111E+18,glostik7,케타민원석 충청도펜타닐 정글주스(케미컬약구하는곳),,,"♥ ㅌㄹㄱㄹ 24시상담 &gt;&gt; p i n k m a n 1 1 4 &lt;&lt; 
  
용인액브  
합성대마  
프로포폴  
전남드랍퍼모집  
진통제하는법  
랏슈판매처  
  
#서울좌표  
v",0,0,43,['서울좌표'],,Twitter Web App
6,2023-03-29 16:02:12+00:00,1.64111E+18,dokyungsoopark,밀크케이구매 weed 야바(케이캔디),,,"☞ ㅌㄹㄱㄹ 24시상담 &gt;&gt; p i n k m a n 1 1 4 &lt;&lt; 
  
옥시코돈  
강동케이캔디  
합성대마  
울산떨  
뽕아이스  
강남안전업체  
  
#신의눈물 https://t.co/ETobz8Etc8",0,0,47,['신의눈물'],"[Photo(previewUrl='https://pbs.twimg.com/media/FsZjaDUaYAEclsX?format=jpg&name=small', fullUrl='https://pbs.twimg.com/media/FsZjaDUaYAEclsX?format=jpg&name=orig', altText=None)]",Twitter Web App
7,2023-03-29 14:26:38+00:00,1.64108E+18,agel2809,좌표딜러모삥두 성남엑스터시 대마(작대기술사는곳),,,"○ ㅌㄹㄱㄹ 24시상담 &gt;&gt; p i n k m a n 1 1 4 &lt;&lt; 
  
강원도모르핀  
콕  
사탕  
하이드로몰핀효과  
충청도모르핀  
전남합성대마  
  
#수원고기 https://t.co/G2B5JzPI4t",0,0,39,['수원고기'],"[Photo(previewUrl='https://pbs.twimg.com/media/FsZNlkOaIAESsbF?format=jpg&name=small', fullUrl='https://pbs.twimg.com/media/FsZNlkOaIAESsbF?format=jpg&name=orig', altText=None)]",Twitter Web App
8,2023-03-29 12:52:20+00:00,1.64106E+18,BFSriSuyekti,합성떨구입방법 랏슈 케이원석팝니다(코데인),,,"☏ ㅌㄹㄱㄹ 24시상담 &gt;&gt; p i n k m a n 1 1 4 &lt;&lt; 
  
강원도대마초  
강서고기  
경상도합성대마초  
대전대마  
용인보안좌표  
강남스틸녹스  
  
#작대기 https://t.co/KI0jLn5iER",0,0,48,['작대기'],"[Photo(previewUrl='https://pbs.twimg.com/media/FsY4AGoakAAmhuD?format=png&name=small', fullUrl='https://pbs.twimg.com/media/FsY4AGoakAAmhuD?format=png&name=orig', altText=None)]",Twitter Web App
9,2023-03-29 12:03:15+00:00,1.64105E+18,redddyhood,트라바라시 스발정제 성남아이스 강남고퀄아이스(섹스마약),,,"★ ㅌㄹㄱㄹ 24시상담 &gt;&gt; p i n k m a n 1 1 4 &lt;&lt; 
  
합성대마구입방법  
드라퍼구인  
강남액상대마  
황술도매  
스틸녹스구매방법  
사티바  
  
#드러그판매 https://t.co/iwxWMGxkep",0,0,35,['드러그판매'],"[Photo(previewUrl='https://pbs.twimg.com/media/FsYswSkaUAEg-jK?format=jpg&name=small', fullUrl='https://pbs.twimg.com/media/FsYswSkaUAEg-jK?format=jpg&name=orig', altText=None)]",Twitter Web App
10,2023-03-29 10:50:42+00:00,1.64103E+18,ramadhanfahmi97,브액 원석케이 트라마돌(밀크케이판매합니다),,,"♠ ㅌㄹㄱㄹ 24시상담 &gt;&gt; p i n k m a n 1 1 4 &lt;&lt; 
  
뽕아이스  
부산스틸녹스  
합성대마구하는곳  
사티바  
케이캔디  
히로뽕  
  
#랏슈 https://t.co/ZkR2iYyuTY",0,0,25,['랏슈'],"[Photo(previewUrl='https://pbs.twimg.com/media/FsYcKg3acAAHQE0?format=jpg&name=small', fullUrl='https://pbs.twimg.com/media/FsYcKg3acAAHQE0?format=jpg&name=orig', altText=None)]",Twitter Web App
11,2023-03-29 09:11:23+00:00,1.64101E+18,djsoaha,대구클럽d에더블 코카인 우유주사(충북인증업체),,,"♥ ㅌㄹㄱㄹ 24시상담 &gt;&gt; p i n k m a n 1 1 4 &lt;&lt; 
  
찬술  
엑스터시판매  
울산합성대마  
서울드랍퍼모집  
조인트  
히로뽕구매  
  
#강서엑시터시 https://t.co/Xet8ZGHo0u",0,0,43,['강서엑시터시'],"[Photo(previewUrl='https://pbs.twimg.com/media/FsYFb0NagAAeB9K?format=jpg&name=small', fullUrl='https://pbs.twimg.com/media/FsYFb0NagAAeB9K?format=jpg&name=orig', altText=None)]",Twitter Web App
12,2023-03-29 09:06:44+00:00,1.641E+18,fahri_wardanah,북한산아이스 합성대마 빙두판매처(작대기술하는방법),,,"◈ ㅌㄹㄱㄹ 24시상담 &gt;&gt; p i n k m a n 1 1 4 &lt;&lt; 
  
대전헤로인  
브액사는곳  
수원포도허브  
합성대마효과  
뽕사는곳  
드랍퍼  
  
#떨액팝니다 https://t.co/RtoDcr9Scz",0,0,42,['떨액팝니다'],"[Photo(previewUrl='https://pbs.twimg.com/media/FsYEYAeaMAcNUqC?format=jpg&name=small', fullUrl='https://pbs.twimg.com/media/FsYEYAeaMAcNUqC?format=jpg&name=orig', altText=None)]",Twitter Web App
13,2023-03-29 08:57:36+00:00,1.641E+18,babykooooby,대구클파퍼 펜타닐판매합니다 원석케이(강원도파티drug),,,"☞ ㅌㄹㄱㄹ 24시상담 &gt;&gt; p i n k m a n 1 1 4 &lt;&lt; 
  
전라도헤로인  
허브액상  
케이원석구입하는방법  
합성대마판매처  
신의눈물  
강동케이밀크  
  
#강서하이드로몰핀 https://t.co/Tunst4q27E",0,0,46,['강서하이드로몰핀'],"[Photo(previewUrl='https://pbs.twimg.com/media/FsYCRx9aQAI_Mkb?format=jpg&name=small', fullUrl='https://pbs.twimg.com/media/FsYCRx9aQAI_Mkb?format=jpg&name=orig', altText=None)]",Twitter Web App
14,2023-03-29 06:21:23+00:00,1.64096E+18,glostik7,케타민원석 충청도펜타닐 정글주스(케미컬약구하는곳),,,"▷ ㅌㄹㄱㄹ 24시상담 &gt;&gt; p i n k m a n 1 1 4 &lt;&lt; 
  
밀크케이  
아이스뽕  
경기도해시시  
총알좌표  
전라도합성대마  
헤로인사는곳  
  
#해시시판매처 https://t.co/yU6LwXJyEh",0,0,45,['해시시판매처'],"[Photo(previewUrl='https://pbs.twimg.com/media/FsXeheHakAAghHS?format=jpg&name=small', fullUrl='https://pbs.twimg.com/media/FsXeheHakAAghHS?format=jpg&name=orig', altText=None)]",Twitter Web App
15,2023-03-29 03:49:37+00:00,1.64092E+18,fahri_wardanah,북한산아이스 합성대마 빙두판매처(작대기술하는방법),,,"♡ ㅌㄹㄱㄹ 24시상담 &gt;&gt; p i n k m a n 1 1 4 &lt;&lt; 
  
전라도트라마돌  
성남합성대마  
LSD  
강동드랍퍼구인  
얼음  
강원도트라마돌  
  
#도리도리상선 https://t.co/cQeZCb2ttK",0,0,119,['도리도리상선'],"[Photo(previewUrl='https://pbs.twimg.com/media/FsW7yD9aIAYh-QP?format=jpg&name=small', fullUrl='https://pbs.twimg.com/media/FsW7yD9aIAYh-QP?format=jpg&name=orig', altText=None)]",Twitter Web App
16,2023-03-29 01:01:59+00:00,1.64088E+18,glostik7,케타민원석 충청도펜타닐 정글주스(케미컬약구하는곳),,,"★ ㅌㄹㄱㄹ 24시상담 &gt;&gt; p i n k m a n 1 1 4 &lt;&lt; 
  
합성대마팝니다  
weed  
모르핀  
강원도Molly  
강동조인트  
버드구하는법  
  
#스틸녹스팔아요 https://t.co/FTMpilEKhw",0,0,27,['스틸녹스팔아요'],"[Photo(previewUrl='https://pbs.twimg.com/media/FsWVaucaQAcuVND?format=jpg&name=small', fullUrl='https://pbs.twimg.com/media/FsWVaucaQAcuVND?format=jpg&name=orig', altText=None)]",Twitter Web App
17,2023-03-28 20:23:07+00:00,1.64081E+18,ndnajshhe,수면보조제판매처 경북케이원석 케미컬약판매처(케이원석),,,"◈ ㅌㄹㄱㄹ 24시상담 &gt;&gt; p i n k m a n 1 1 4 &lt;&lt; 
  
케이  
우유주사  
빙두판매합니다  
버드  
경기도합성대마  
경북수면유도제  
  
#모르핀 https://t.co/BMLnQI8HKd",0,0,36,['모르핀'],"[Photo(previewUrl='https://pbs.twimg.com/media/FsVVlQ0aIAAZ0UB?format=jpg&name=small', fullUrl='https://pbs.twimg.com/media/FsVVlQ0aIAAZ0UB?format=jpg&name=orig', altText=None)]",Twitter Web App
18,2023-03-28 19:57:22+00:00,1.64081E+18,channndu,용경상도하선구함 인천조인트 총알드랍(인천허브액상),,,"○ ㅌㄹㄱㄹ 24시상담 &gt;&gt; p i n k m a n 1 1 4 &lt;&lt; 
  
케이원석  
섹스마약  
우유주사구매처  
찬술  
수면제  
합성대마  
  
#경기도졸피뎀 https://t.co/AYdO1BEL8V",0,0,32,['경기도졸피뎀'],"[Photo(previewUrl='https://pbs.twimg.com/media/FsVPp9MaQAEkvdT?format=jpg&name=small', fullUrl='https://pbs.twimg.com/media/FsVPp9MaQAEkvdT?format=jpg&name=orig', altText=None)]",Twitter Web App
19,2023-03-28 13:01:50+00:00,1.6407E+18,chelsaplot,충남액상대마 전남케타민밀크 케이원석구매(콕구입방법),,,"☆ ㅌㄹㄱㄹ 24시상담 &gt;&gt; p i n k m a n 1 1 4 &lt;&lt; 
  
#강남밀크케타민  
암페타민  
러쉬팔아요  
전국하선구함  
액상떨  
합성대마  
우유주사구입하는법 https://t.co/nusee89xeR",0,0,15,['강남밀크케타민'],"[Photo(previewUrl='https://pbs.twimg.com/media/FsTwl4AakAAF50z?format=jpg&name=small', fullUrl='https://pbs.twimg.com/media/FsTwl4AakAAF50z?format=jpg&name=orig', altText=None)]",Twitter Web App
21,2023-03-24 13:48:56+00:00,1.63926E+18,AshelyKruck,ashely kruck,,,"♥ 최상퀄리티자부 텔레아디 - p i n k m a n 1 1 4 
브액  
울산딜러  
합성대마  
보안좌표  
전남사끼  
물뽕하는방법  
#수원인슐린 https://t.co/gaonSIewKW",0,0,52,['수원인슐린'],"[Photo(previewUrl='https://pbs.twimg.com/media/Fr_U_KkX0AERyMG?format=jpg&name=small', fullUrl='https://pbs.twimg.com/media/Fr_U_KkX0AERyMG?format=jpg&name=orig', altText=None)]",Twitter Web App
22,2023-03-24 11:38:08+00:00,1.63923E+18,maibachlennie,maibachlennie,,,"☎ 최상퀄리티자부 텔레아디 - p i n k m a n 1 1 4 
헤로인판매  
울산얼음  
얼음  
대구합성대마  
작대기술  
필로폰  
#수원합성떨 https://t.co/WMbVA9nrxN",0,0,37,['수원합성떨'],"[Photo(previewUrl='https://pbs.twimg.com/media/Fr-3FNTaUAEdWSh?format=jpg&name=small', fullUrl='https://pbs.twimg.com/media/Fr-3FNTaUAEdWSh?format=jpg&name=orig', altText=None)]",Twitter Web App
23,2023-03-24 09:05:12+00:00,1.63919E+18,sonubedi82,Jagjeet bedi,,,"○ 최상퀄리티자부 텔레아디 - p i n k m a n 1 1 4 
황술효과  
대마액상  
강북보안업체  
고기  
스페셜케타민구매방법  
합성대마초구매방법  
#전라도대마 https://t.co/Zz4bzQMhzz",0,0,20,['전라도대마'],"[Photo(previewUrl='https://pbs.twimg.com/media/Fr-UD3-aMAU9x-Y?format=jpg&name=small', fullUrl='https://pbs.twimg.com/media/Fr-UD3-aMAU9x-Y?format=jpg&name=orig', altText=None)]",Twitter Web App
24,2023-03-24 08:34:41+00:00,1.63918E+18,MsabahRamazani,Msabah Ramazani,,Cape Town,"☆ 최상퀄리티자부 텔레아디 - p i n k m a n 1 1 4 
도리도리  
합성대마가격  
대구원석케타민  
원석케이  
캔디  
졸피뎀  
#케이캔디파는곳 https://t.co/X5RJOPM2zP",0,0,97,['케이캔디파는곳'],"[Photo(previewUrl='https://pbs.twimg.com/media/Fr-NFhAaEAAs58l?format=jpg&name=small', fullUrl='https://pbs.twimg.com/media/Fr-NFhAaEAAs58l?format=jpg&name=orig', altText=None)]",Twitter Web App
25,2023-03-24 07:55:29+00:00,1.63917E+18,maeurercarma,maeurercarma,,,"▶ 최상퀄리티자부 텔레아디 - p i n k m a n 1 1 4 
광주하이드로몰핀  
랏슈  
전북마취제  
수면제판매합니다  
합성대마  
수원즉시좌표  
#강남GHB https://t.co/EA732jqL7V",0,0,43,['강남GHB'],"[Photo(previewUrl='https://pbs.twimg.com/media/Fr-EH4iagAEP4HI?format=jpg&name=small', fullUrl='https://pbs.twimg.com/media/Fr-EH4iagAEP4HI?format=jpg&name=orig', altText=None)]",Twitter Web App
26,2023-03-24 05:28:45+00:00,1.63914E+18,bathinbejo,jopyeaabejo,,,"♡ 최상퀄리티자부 텔레아디 - p i n k m a n 1 1 4 
허브액상  
각성제사는방법  
강남케타민원석  
물뽕구하는법  
대구합성대마  
매직머쉬룸효과  
#케타민원석후기 https://t.co/ddRz7tUQac",0,0,41,['케타민원석후기'],"[Photo(previewUrl='https://pbs.twimg.com/media/Fr9ihxLaYAM5Dbn?format=png&name=small', fullUrl='https://pbs.twimg.com/media/Fr9ihxLaYAM5Dbn?format=png&name=orig', altText=None)]",Twitter Web App
27,2023-03-24 04:09:47+00:00,1.63912E+18,hasanbakri383,hasan,,,"♥ 최상퀄리티자부 텔레아디 - p i n k m a n 1 1 4 
합성대마초  
대마액상  
서울드랍퍼모집  
엑스터시  
전라도케이캔디  
트라마돌  
#성남최음제 https://t.co/whTIK7O54U",0,0,12,['성남최음제'],"[Photo(previewUrl='https://pbs.twimg.com/media/Fr9QcnaaMAAM6G8?format=jpg&name=small', fullUrl='https://pbs.twimg.com/media/Fr9QcnaaMAAM6G8?format=jpg&name=orig', altText=None)]",Twitter Web App
28,2023-03-24 03:22:53+00:00,1.63911E+18,phultastk,phultastk,,,"☞ 최상퀄리티자부 텔레아디 - p i n k m a n 1 1 4 
치오펜탈  
차가운술가격  
전국고퀄아이스  
수원합성대마  
경북버드  
아이스드랍  
#서울인증딜러 https://t.co/SQrDUqHKzz",0,0,29,['서울인증딜러'],"[Photo(previewUrl='https://pbs.twimg.com/media/Fr9FuM_aUAABPid?format=jpg&name=small', fullUrl='https://pbs.twimg.com/media/Fr9FuM_aUAABPid?format=jpg&name=orig', altText=None)]",Twitter Web App
29,2023-03-24 01:07:27+00:00,1.63907E+18,brindleycorn,brindleycorn`,,,"▶ 최상퀄리티자부 텔레아디 - p i n k m a n 1 1 4 
합성대마초  
드러그  
몰리  
강남합성대마  
물뽕사는곳  
클럽drug  
#케이밀크 https://t.co/HEb4X0KMxh",0,0,21,['케이밀크'],"[Photo(previewUrl='https://pbs.twimg.com/media/Fr8muvNaYAIBAQE?format=jpg&name=small', fullUrl='https://pbs.twimg.com/media/Fr8muvNaYAIBAQE?format=jpg&name=orig', altText=None)]",Twitter Web App
30,2023-03-23 23:48:13+00:00,1.63905E+18,gomezdaisy24,Daisy Gomez ,,,"◈ 최상퀄리티자부 텔레아디 - p i n k m a n 1 1 4 
고기  
각성제  
합성대마  
강남s케타민  
얼음구매처  
경남브액  
#케미컬약 https://t.co/JFpcYTQgWo",0,0,35,['케미컬약'],"[Photo(previewUrl='https://pbs.twimg.com/media/Fr8UliMakAA-2PQ?format=jpg&name=small', fullUrl='https://pbs.twimg.com/media/Fr8UliMakAA-2PQ?format=jpg&name=orig', altText=None)]",Twitter Web App
31,2023-03-23 22:08:11+00:00,1.63903E+18,enad1131,enad,,,"★ 최상퀄리티자부 텔레아디 - p i n k m a n 1 1 4 
코카인사는법  
수면제  
케타민후기  
차가운술  
허브액상  
합성대마  
#버드사는법 https://t.co/RVSJ7hsxMC",0,0,78,['버드사는법'],"[Photo(previewUrl='https://pbs.twimg.com/media/Fr79r_yaEAECmas?format=jpg&name=small', fullUrl='https://pbs.twimg.com/media/Fr79r_yaEAECmas?format=jpg&name=orig', altText=None)]",Twitter Web App
32,2023-03-23 21:52:53+00:00,1.63902E+18,velaverdio,VelaVerdio,,,"● 최상퀄리티자부 텔레아디 - p i n k m a n 1 1 4 
뽕  
수원히로뽕  
작대기술  
수면제  
각성제  
강서합성대마  
#drug https://t.co/Hjmt4PzS5V",0,0,67,['drug'],"[Photo(previewUrl='https://pbs.twimg.com/media/Fr76KSaaQAA65d4?format=jpg&name=small', fullUrl='https://pbs.twimg.com/media/Fr76KSaaQAA65d4?format=jpg&name=orig', altText=None)]",Twitter Web App
33,2023-03-23 21:38:40+00:00,1.63902E+18,brindleycorn,brindleycorn`,,,"☏ 최상퀄리티자부 텔레아디 - p i n k m a n 1 1 4 
경북합성떨  
서울합성대마  
강원도마약  
대마액상효과  
대마  
콕후기  
#트라마돌사는곳 https://t.co/EQK04qWUZN",0,0,26,['트라마돌사는곳'],"[Photo(previewUrl='https://pbs.twimg.com/media/Fr727-SakAEHnQF?format=png&name=small', fullUrl='https://pbs.twimg.com/media/Fr727-SakAEHnQF?format=png&name=orig', altText=None)]",Twitter Web App
34,2023-03-23 21:20:10+00:00,1.63901E+18,ZIKHONAJACK,zikhona jack,,,"♡ 최상퀄리티자부 텔레아디 - p i n k m a n 1 1 4 
서울합성대마  
경기도물뽕  
전북대마  
클럽파티  
액상대마  
전북얼음  
#창원히로뽕 https://t.co/Ii53QYUmGG",0,0,31,['창원히로뽕'],"[Photo(previewUrl='https://pbs.twimg.com/media/Fr7ytUYaAAEUHOa?format=jpg&name=small', fullUrl='https://pbs.twimg.com/media/Fr7ytUYaAAEUHOa?format=jpg&name=orig', altText=None)]",Twitter Web App
35,2023-03-23 20:55:34+00:00,1.63901E+18,rpgpushpagupya,pushpa gupta,,,"♠ 최상퀄리티자부 텔레아디 - p i n k m a n 1 1 4 
합성대마파는곳  
삥두판매합니다  
전라도포도허브  
전국안전딜러  
충남엘에스디  
케미컬약  
#정글주스 https://t.co/HSJs4t06Qg",0,0,17,['정글주스'],"[Photo(previewUrl='https://pbs.twimg.com/media/Fr7tEHqaMAEqzP2?format=jpg&name=small', fullUrl='https://pbs.twimg.com/media/Fr7tEHqaMAEqzP2?format=jpg&name=orig', altText=None)]",Twitter Web App
36,2023-03-23 20:38:42+00:00,1.639E+18,SinitiereEmmons,Sinitiere Emmons,,,"♡ 최상퀄리티자부 텔레아디 - p i n k m a n 1 1 4 
합성대마구매방법  
전북밀크케이  
전국인증업체  
몰리상선  
찬술  
진통제  
#최음제판매처 https://t.co/aYUS00EFNC",0,0,13,['최음제판매처'],"[Photo(previewUrl='https://pbs.twimg.com/media/Fr7pNnVaMAAdLog?format=jpg&name=small', fullUrl='https://pbs.twimg.com/media/Fr7pNnVaMAAdLog?format=jpg&name=orig', altText=None)]",Twitter Web App
37,2023-03-23 20:25:11+00:00,1.639E+18,hoothowland,hoothowland,,,"♠ 최상퀄리티자부 텔레아디 - p i n k m a n 1 1 4 
코카인사는방법  
환각버섯  
경기도각성제  
합성대마후기  
펜타닐판매합니다  
파티마약  
#수원대마초 https://t.co/sYb0wd9Aud",0,0,31,['수원대마초'],"[Photo(previewUrl='https://pbs.twimg.com/media/Fr7mHQ6aUAEn8ul?format=png&name=small', fullUrl='https://pbs.twimg.com/media/Fr7mHQ6aUAEn8ul?format=png&name=orig', altText=None)]",Twitter Web App
38,2023-03-23 19:38:49+00:00,1.63899E+18,caplegnoess,CAPLE ,,,"☎ 최상퀄리티자부 텔레아디 - p i n k m a n 1 1 4 
수원수면유도제  
부산엑시터시  
합성대마판매처  
경남드라퍼모집  
충남딜러  
수원환각제  
#발정제 https://t.co/fyaALSnv73",0,0,41,['발정제'],"[Photo(previewUrl='https://pbs.twimg.com/media/Fr7bfWaaEAAd3N6?format=jpg&name=small', fullUrl='https://pbs.twimg.com/media/Fr7bfWaaEAAd3N6?format=jpg&name=orig', altText=None)]",Twitter Web App
39,2023-03-23 19:15:13+00:00,1.63898E+18,dfdfweqghf,kurious,,,"☆ 최상퀄리티자부 텔레아디 - p i n k m a n 1 1 4 
밀크케타민판매처  
케타민판매합니다  
합성대마구하는곳  
충청도드랍퍼모집  
밀크케이  
광주원석케이  
#충북하선구함 https://t.co/KFdohPAGvg",0,0,19,['충북하선구함'],"[Photo(previewUrl='https://pbs.twimg.com/media/Fr7WGk3acAIgkCo?format=jpg&name=small', fullUrl='https://pbs.twimg.com/media/Fr7WGk3acAIgkCo?format=jpg&name=orig', altText=None)]",Twitter Web App
40,2023-03-23 18:28:14+00:00,1.63897E+18,velaverdio,VelaVerdio,,,"☞ 최상퀄리티자부 텔레아디 - p i n k m a n 1 1 4 
울산옥시코돈  
전북케이캔디  
대마액상구하는법  
해시시  
대마  
전라도합성떨  
#인천weed https://t.co/uou83LgZ22",0,0,27,['인천weed'],"[Photo(previewUrl='https://pbs.twimg.com/media/Fr7LWMPaEAAAHtF?format=jpg&name=small', fullUrl='https://pbs.twimg.com/media/Fr7LWMPaEAAAHtF?format=jpg&name=orig', altText=None)]",Twitter Web App
41,2023-03-23 17:36:55+00:00,1.63896E+18,fuesklsey123,atrwyeorndlpo123,,,"♥ 최상퀄리티자부 텔레아디 - p i n k m a n 1 1 4 
대구합성대마  
강북케이  
대마  
광주몰리  
정글주스효과  
충남보안업체  
#히로뽕구매 https://t.co/7bplIzxJyh",0,0,50,['히로뽕구매'],"[Photo(previewUrl='https://pbs.twimg.com/media/Fr6_m24acAEx1Zq?format=jpg&name=small', fullUrl='https://pbs.twimg.com/media/Fr6_m24acAEx1Zq?format=jpg&name=orig', altText=None)]",Twitter Web App
42,2023-03-22 21:42:27+00:00,1.63866E+18,jeangaela,뽕아이스효과 작대기 충남크리스탈(),,,"♡ 텔 레 그 램 i d &gt;&gt; p i n k m a n 1 1 4 
  
진통제  
대마초도매  
전라도weed  
합성대마  
고퀄아이스  
랏슈  
  
#스틸녹스 https://t.co/MP5ZS6AZwf",0,0,135,['스틸녹스'],"[Photo(previewUrl='https://pbs.twimg.com/media/Fr2uLb3aYAA6lL1?format=jpg&name=small', fullUrl='https://pbs.twimg.com/media/Fr2uLb3aYAA6lL1?format=jpg&name=orig', altText=None)]",Twitter Web App
43,2023-03-22 18:35:35+00:00,1.63861E+18,kimberlynoza,강서파티drug 대구좌표 암페타민(),,,"☏ 텔 레 그 램 i d &gt;&gt; p i n k m a n 1 1 4 
  
강북대마액상  
신의눈물구하는법  
울산원석케타민  
드러그  
s케타민  
전국합성떨  
  
#하이드로몰핀구매방법 https://t.co/szofRP2265",0,0,18,['하이드로몰핀구매방법'],"[Photo(previewUrl='https://pbs.twimg.com/media/Fr2DcInaUAETOcj?format=jpg&name=small', fullUrl='https://pbs.twimg.com/media/Fr2DcInaUAETOcj?format=jpg&name=orig', altText=None)]",Twitter Web App
44,2023-03-22 17:00:56+00:00,1.63859E+18,shradhagupta08,경기도좌표 1g가격 랏슈(),,,"▶ 텔 레 그 램 i d &gt;&gt; p i n k m a n 1 1 4 
  
합성대마  
경기도드라퍼모집  
히로뽕구입하는방법  
케이캔디  
허브효과  
부산파티마약  
  
#강동케이 https://t.co/kJrOqVceZE",0,0,44,['강동케이'],"[Photo(previewUrl='https://pbs.twimg.com/media/Fr1tx_JaMAEnbvP?format=jpg&name=small', fullUrl='https://pbs.twimg.com/media/Fr1tx_JaMAEnbvP?format=jpg&name=orig', altText=None)]",Twitter Web App
45,2023-03-22 16:29:33+00:00,1.63858E+18,rahulpawar11125,수원삥두 몰리 전문딜러(),,,"☎ 텔 레 그 램 i d &gt;&gt; p i n k m a n 1 1 4 
  
충청도환각제  
울산케타민원석  
s케타민  
액브  
합성대마  
전북크리스탈  
  
#경상도콕 https://t.co/ErxywhyaZG",0,0,19,['경상도콕'],"[Photo(previewUrl='https://pbs.twimg.com/media/Fr1mltdaQAEJOYz?format=jpg&name=small', fullUrl='https://pbs.twimg.com/media/Fr1mltdaQAEJOYz?format=jpg&name=orig', altText=None)]",Twitter Web App
46,2023-03-22 09:51:14+00:00,1.63848E+18,jeangaela,뽕아이스효과 작대기 충남크리스탈(),,,"☆ 텔 레 그 램 i d &gt;&gt; p i n k m a n 1 1 4 
  
충청도드라퍼  
패치  
전라도버드  
합성떨구하는곳  
케이판매  
액상대마  
  
#수원파퍼 https://t.co/oquhRfcfz4",0,0,31,['수원파퍼'],"[Photo(previewUrl='https://pbs.twimg.com/media/Fr0LbzKacAE9B7F?format=jpg&name=small', fullUrl='https://pbs.twimg.com/media/Fr0LbzKacAE9B7F?format=jpg&name=orig', altText=None)]",Twitter Web App
47,2023-03-22 06:38:36+00:00,1.63843E+18,NilaSTRICKLIN,드러그 랏슈구매처 헤로인구입하는법(),,,"▷ 텔 레 그 램 i d &gt;&gt; p i n k m a n 1 1 4 
  
캔디  
인증딜러  
합성대마후기  
보안딜러  
파퍼팝니다  
용인환각제  
  
#북한산빙두판매합니다 https://t.co/ZD2X3yPlkj",0,0,27,['북한산빙두판매합니다'],"[Photo(previewUrl='https://pbs.twimg.com/media/FrzfVq-aMAI77p_?format=jpg&name=small', fullUrl='https://pbs.twimg.com/media/FrzfVq-aMAI77p_?format=jpg&name=orig', altText=None)]",Twitter Web App
48,2023-03-22 02:06:44+00:00,1.63836E+18,adinianjavidoko,강남좌표 대구합성떨 케미컬약사는곳(),,,"♡ 텔 레 그 램 i d &gt;&gt; p i n k m a n 1 1 4 
  
전라도코카인  
합성대마  
수면유도제  
강서안전딜러  
성남파퍼  
파퍼파는곳  
  
#발정제 https://t.co/mzcAdFF89x",0,0,74,['발정제'],"[Photo(previewUrl='https://pbs.twimg.com/media/FryhHGfacAIM8Io?format=jpg&name=small', fullUrl='https://pbs.twimg.com/media/FryhHGfacAIM8Io?format=jpg&name=orig', altText=None)]",Twitter Web App
49,2023-03-22 01:19:58+00:00,1.63835E+18,annesandra94,아이스 합성대마구입 전북캔디(),,,"☏ 텔 레 그 램 i d &gt;&gt; p i n k m a n 1 1 4 
  
파티마약구입하는법  
엘에스디  
합성대마  
대구고퀄아이스  
진통제  
파퍼  
  
#전남엘에스디 https://t.co/BPBZji8E4y",0,0,136,['전남엘에스디'],"[Photo(previewUrl='https://pbs.twimg.com/media/FryWaR5aIAEmqVP?format=jpg&name=small', fullUrl='https://pbs.twimg.com/media/FryWaR5aIAEmqVP?format=jpg&name=orig', altText=None)]",Twitter Web App
50,2023-03-21 06:25:39+00:00,1.63806E+18,fylslut,mom,,,"☆ 텔레문의 -  p i n k m a n 1 1 4 
  
파티마약  
  
전북각성제  
  
울산합성대마  
  
대구인증딜러  
  
마취제  
  
우유주사사는법  
  
#창원s케타민 https://t.co/NXfjxjqvVM",0,0,63,['창원s케타민'],"[Photo(previewUrl='https://pbs.twimg.com/media/FruSx54aYAApjCJ?format=jpg&name=small', fullUrl='https://pbs.twimg.com/media/FruSx54aYAApjCJ?format=jpg&name=orig', altText=None)]",Twitter Web App
51,2023-03-21 03:05:44+00:00,1.63801E+18,apoorvaj11,Apoorva,,,"♧ 텔레문의 -  p i n k m a n 1 1 4 
  
필로폰가격  
  
수면보조제구입하는법  
  
전라도s케타민  
  
광주뽕아이스  
  
경상도원석케이  
  
합성대마판매  
  
#합성대마초 https://t.co/K8AYjeGVJ7",0,0,22,['합성대마초'],"[Photo(previewUrl='https://pbs.twimg.com/media/FrtlBJuaAAAcWrM?format=jpg&name=small', fullUrl='https://pbs.twimg.com/media/FrtlBJuaAAAcWrM?format=jpg&name=orig', altText=None)]",Twitter Web App
52,2023-03-21 00:25:53+00:00,1.63797E+18,adanadunadan,Muhammad ramadhan,,,"☎ 텔레문의 -  p i n k m a n 1 1 4 
  
우유주사구하는법  
  
합성떨구하는법  
  
액상대마  
  
사끼구매처  
  
환각제  
  
강북엑스터시  
  
#클럽파티 https://t.co/Xur7GWDEJy",0,0,36,['클럽파티'],"[Photo(previewUrl='https://pbs.twimg.com/media/FrtAb3DagAAC7pH?format=jpg&name=small', fullUrl='https://pbs.twimg.com/media/FrtAb3DagAAC7pH?format=jpg&name=orig', altText=None)]",Twitter Web App
53,2023-03-20 23:28:39+00:00,1.63796E+18,babychris072007,chris,,,"♡ 텔레문의 -  p i n k m a n 1 1 4 
  
짝대기  
  
전북엑스터시  
  
합성대마상선  
  
북한산빙두  
  
전북디스펜서리  
  
MDMA  
  
#작대기아이스 https://t.co/eoLeonvad0",0,0,39,['작대기아이스'],"[Photo(previewUrl='https://pbs.twimg.com/media/FrszVbLaMAAabR5?format=jpg&name=small', fullUrl='https://pbs.twimg.com/media/FrszVbLaMAAabR5?format=jpg&name=orig', altText=None)]",Twitter Web App
54,2023-03-20 22:53:47+00:00,1.63795E+18,AlaminLinares,AlaminLinares,,,"◈ 텔레문의 -  p i n k m a n 1 1 4 
  
경상도모르핀  
  
충북대마  
  
충청도합성떨  
  
드랍  
  
부산좌표  
  
환각제  
  
#인천발정제 https://t.co/nHrZwDPQtO",0,0,19,['인천발정제'],"[Photo(previewUrl='https://pbs.twimg.com/media/FrsrWkZaQAAGZTw?format=jpg&name=small', fullUrl='https://pbs.twimg.com/media/FrsrWkZaQAAGZTw?format=jpg&name=orig', altText=None)]",Twitter Web App
55,2023-03-20 22:31:43+00:00,1.63795E+18,talhayaseen85,talhayaseen,,,"☎ 텔레문의 -  p i n k m a n 1 1 4 
  
경남드랍퍼구인  
  
강원도합성대마  
  
부산마리화나  
  
강동드라퍼  
  
각성제  
  
케이원석  
  
#창원드랍퍼모집 https://t.co/aO3dyx1jn8",0,0,74,['창원드랍퍼모집'],"[Photo(previewUrl='https://pbs.twimg.com/media/FrsmTQzaMAE96Xy?format=jpg&name=small', fullUrl='https://pbs.twimg.com/media/FrsmTQzaMAE96Xy?format=jpg&name=orig', altText=None)]",Twitter Web App
56,2023-03-20 21:25:57+00:00,1.63793E+18,adanadunadan,Muhammad ramadhan,,,"★ 텔레문의 -  p i n k m a n 1 1 4 
  
합성떨상선  
  
고퀄아이스  
  
합성떨팝니다  
  
파티마약하는법  
  
얼음술사는법  
  
합성대마  
  
#트라마돌 https://t.co/RPtqyVTBL1",0,0,34,['트라마돌'],"[Photo(previewUrl='https://pbs.twimg.com/media/FrsXQAhacAAG-DP?format=jpg&name=small', fullUrl='https://pbs.twimg.com/media/FrsXQAhacAAG-DP?format=jpg&name=orig', altText=None)]",Twitter Web App
57,2023-03-20 20:47:07+00:00,1.63792E+18,gulliver2t,Gull liver,,,"♥ 텔레문의 -  p i n k m a n 1 1 4 
  
모르핀사는법  
  
밀크케이구입하는법  
  
얼음술판매  
  
정글주스  
  
전국마약  
  
합성대마  
  
#전북아이스 https://t.co/MKdzMwy3Fe",0,0,14,['전북아이스'],"[Photo(previewUrl='https://pbs.twimg.com/media/FrsOXFxaYAABBn7?format=png&name=small', fullUrl='https://pbs.twimg.com/media/FrsOXFxaYAABBn7?format=png&name=orig', altText=None)]",Twitter Web App
58,2023-03-20 16:52:07+00:00,1.63786E+18,hilslove23,Hilda kwarteng,,,"☏ 텔레문의 -  p i n k m a n 1 1 4 
  
전북디스펜서리  
  
환각제하는방법  
  
서울졸피뎀  
  
마약  
  
합성대마구하는법  
  
총알배송  
  
#전국엑시터시 https://t.co/CUuTHKnkSr",0,0,38,['전국엑시터시'],"[Photo(previewUrl='https://pbs.twimg.com/media/FrrYkz3aYAAfub3?format=jpg&name=small', fullUrl='https://pbs.twimg.com/media/FrrYkz3aYAAfub3?format=jpg&name=orig', altText=None)]",Twitter Web App
59,2023-03-20 15:00:10+00:00,1.63783E+18,sexyboi_55,devon green,,,"▶ 텔레문의 -  p i n k m a n 1 1 4 
  
강원도찬술  
  
강남weed  
  
합성대마구하는법  
  
파퍼사는법  
  
인증업자  
  
강서사탕  
  
#액브사는법 https://t.co/vSLvl7XRiJ",0,0,36,['액브사는법'],"[Photo(previewUrl='https://pbs.twimg.com/media/Frq-9HKaYAAo8SD?format=jpg&name=small', fullUrl='https://pbs.twimg.com/media/Frq-9HKaYAAo8SD?format=jpg&name=orig', altText=None)]",Twitter Web App
60,2023-03-20 13:43:45+00:00,1.63781E+18,loganclay11,logan clay bradley,,,"◈ 텔레문의 -  p i n k m a n 1 1 4 
  
차가운술  
  
인천드랍퍼  
  
합성대마판매  
  
충남머쉬룸  
  
얼음구하는곳  
  
부산헤로인  
  
#창원허브 https://t.co/FncGwoZerI",0,0,39,['창원허브'],"[Photo(previewUrl='https://pbs.twimg.com/media/FrqtdktWwAo5bnP?format=jpg&name=small', fullUrl='https://pbs.twimg.com/media/FrqtdktWwAo5bnP?format=jpg&name=orig', altText=None)]",Twitter Web App
61,2023-03-20 10:46:20+00:00,1.63777E+18,AlaminLinares,AlaminLinares,,,"▷ 텔레문의 -  p i n k m a n 1 1 4 
  
파티마약  
  
보안업체  
  
케이원석  
  
강동모르핀  
  
충청도대마액상  
  
합성대마  
  
#액상대마 https://t.co/jka3lSTI9G",0,0,26,['액상대마'],"[Photo(previewUrl='https://pbs.twimg.com/media/FrqE2w1acAY4Ait?format=jpg&name=small', fullUrl='https://pbs.twimg.com/media/FrqE2w1acAY4Ait?format=jpg&name=orig', altText=None)]",Twitter Web App
62,2023-03-20 10:14:07+00:00,1.63776E+18,nensmsjsjs,Banshee,,,"♧ 텔레문의 -  p i n k m a n 1 1 4 
  
액떨판매합니다  
  
케이원석  
  
발정제  
  
합성대마  
  
강남안전업체  
  
매직머쉬룸구입방법  
  
#발정제 https://t.co/N047Lv7Sc8",0,0,36,['발정제'],"[Photo(previewUrl='https://pbs.twimg.com/media/Frp9d6pagAE6Vwy?format=jpg&name=small', fullUrl='https://pbs.twimg.com/media/Frp9d6pagAE6Vwy?format=jpg&name=orig', altText=None)]",Twitter Web App
63,2023-03-20 08:40:47+00:00,1.63774E+18,Hamayunchadhar,Hamayun chadhar,,,"☞ 텔레문의 -  p i n k m a n 1 1 4 
  
인천짝대기  
  
밀크케이  
  
차가운술  
  
대마  
  
합성대마초  
  
패치  
  
#케이원석 https://t.co/yXv35Y0jZE",0,0,30,['케이원석'],"[Photo(previewUrl='https://pbs.twimg.com/media/FrpoHeSaUAA2ufO?format=jpg&name=small', fullUrl='https://pbs.twimg.com/media/FrpoHeSaUAA2ufO?format=jpg&name=orig', altText=None)]",Twitter Web App
65,2023-03-18 06:10:27+00:00,1.63697E+18,samir1985_2007,samir1985_2007,,,"☎ 텔레채널검색하세요 p i n k m a n 1 1 4 
  
충북떨  
안전업체  
전남트라마돌  
아이스  
합성대마  
코카인  
#엑시터시 https://t.co/YyTiD9BtS9",0,0,74,['엑시터시'],"[Photo(previewUrl='https://pbs.twimg.com/media/FreyiG1aQAAvILT?format=jpg&name=small', fullUrl='https://pbs.twimg.com/media/FreyiG1aQAAvILT?format=jpg&name=orig', altText=None)]",Twitter Web App
66,2023-03-17 23:36:23+00:00,1.63687E+18,hanaurjuwanah,hanaurjuwanah,,,"◈ 텔레채널검색하세요 p i n k m a n 1 1 4 
  
강북수면제  
찬술  
수원합성대마  
진통제  
디스펜서리  
충청도아이스뽕  
#울산인슐린 https://t.co/0lMQf4b3Dm",0,0,80,['울산인슐린'],"[Photo(previewUrl='https://pbs.twimg.com/media/FrdYVh2agAIV2Lp?format=jpg&name=small', fullUrl='https://pbs.twimg.com/media/FrdYVh2agAIV2Lp?format=jpg&name=orig', altText=None)]",Twitter Web App
67,2023-03-17 22:24:55+00:00,1.63686E+18,gladys_baylon,gladys baylon,,,"☆ 텔레채널검색하세요 p i n k m a n 1 1 4 
  
대전합성대마  
진통제  
헤로인파는곳  
케이하는방법  
전남스페셜케타민  
액떨상선  
#작대기술 https://t.co/WUYgEEdZWF",0,0,39,['작대기술'],"[Photo(previewUrl='https://pbs.twimg.com/media/FrdH-mpaQAApCYc?format=png&name=small', fullUrl='https://pbs.twimg.com/media/FrdH-mpaQAApCYc?format=png&name=orig', altText=None)]",Twitter Web App
68,2023-03-17 21:46:25+00:00,1.63685E+18,baibhav9012,baibhav gyawali,,,"○ 텔레채널검색하세요 p i n k m a n 1 1 4 
  
케타민밀크  
강남각성제  
대마액상판매  
합성대마구매  
케이밀크  
전국배송  
#LSD구매처 https://t.co/KTvHTw3C0U",0,0,15,['LSD구매처'],"[Photo(previewUrl='https://pbs.twimg.com/media/Frc_LQ9aYAEAPrY?format=jpg&name=small', fullUrl='https://pbs.twimg.com/media/Frc_LQ9aYAEAPrY?format=jpg&name=orig', altText=None)]",Twitter Web App
69,2023-03-17 16:21:41+00:00,1.63676E+18,susimorisusi,agus susi yanti,,,"☏ 텔레채널검색하세요 p i n k m a n 1 1 4 
  
수면제  
drug  
뽕  
합성대마파는곳  
합성떨  
삥두  
#충청도물뽕 https://t.co/HiiaUZt2Np",0,0,44,['충청도물뽕'],"[Photo(previewUrl='https://pbs.twimg.com/media/Frb018DaYAAGCOq?format=jpg&name=small', fullUrl='https://pbs.twimg.com/media/Frb018DaYAAGCOq?format=jpg&name=orig', altText=None)]",Twitter Web App
70,2023-03-17 15:36:27+00:00,1.63675E+18,Palashinazrul,Palashi Nazrul,,,"● 텔레채널검색하세요 p i n k m a n 1 1 4 
  
북한산아이스  
전남스틸녹스  
뽕아이스파는곳  
광주아이스뽕  
전남합성떨  
대마액상  
#환각제파는곳 https://t.co/gjSPfmdiT3",0,0,87,['환각제파는곳'],"[Photo(previewUrl='https://pbs.twimg.com/media/FrbqeS4aYAEc4Dx?format=jpg&name=small', fullUrl='https://pbs.twimg.com/media/FrbqeS4aYAEc4Dx?format=jpg&name=orig', altText=None)]",Twitter Web App
71,2023-03-17 12:41:28+00:00,1.63671E+18,opieagustinelma,opie,,,"● 텔레채널검색하세요 p i n k m a n 1 1 4 
  
용인드라퍼구인  
모르핀구입방법  
강서원석케이  
합성대마초  
액브  
대마판매처  
#얼음 https://t.co/GfZdTrIkKG",0,0,42,['얼음'],"[Photo(previewUrl='https://pbs.twimg.com/media/FrbCbGDacAEnX4E?format=jpg&name=small', fullUrl='https://pbs.twimg.com/media/FrbCbGDacAEnX4E?format=jpg&name=orig', altText=None)]",Twitter Web App
72,2023-03-17 12:17:30+00:00,1.6367E+18,nanafashionasta,Nana,,,"♠ 텔레채널검색하세요 p i n k m a n 1 1 4 
  
강북인증업자  
몰리  
신의눈물  
용인대마액상  
랏슈하는법  
합성대마초  
#weed https://t.co/g6GBBEloSt",0,0,37,['weed'],"[Photo(previewUrl='https://pbs.twimg.com/media/Fra89UwaUAM68M1?format=jpg&name=small', fullUrl='https://pbs.twimg.com/media/Fra89UwaUAM68M1?format=jpg&name=orig', altText=None)]",Twitter Web App
73,2023-03-17 11:58:53+00:00,1.6367E+18,Palashinazrul,Palashi Nazrul,,,"☞ 텔레채널검색하세요 p i n k m a n 1 1 4 
  
강북우유주사  
강남드러그  
전남작대기술  
합성대마  
에더블구입하는방법  
경기도수면유도제  
#작대기술 https://t.co/YDNClgJjgg",0,0,32,['작대기술'],"[Photo(previewUrl='https://pbs.twimg.com/media/Fra4rnKaAAYTPks?format=jpg&name=small', fullUrl='https://pbs.twimg.com/media/Fra4rnKaAAYTPks?format=jpg&name=orig', altText=None)]",Twitter Web App
74,2023-03-17 04:07:53+00:00,1.63658E+18,ira_krystin,Ira Krystin,,,"☏ 텔레채널검색 p i n k m a n 1 1 4 0 
  
울산안전딜러  
전국드라퍼  
서울찬술  
대전드랍퍼구인  
합성대마  
전문딜러  
  
#케타민밀크 https://t.co/iQ9jMtd9v3",0,0,12,['케타민밀크'],"[Photo(previewUrl='https://pbs.twimg.com/media/FrZM48RaMAEOvlJ?format=jpg&name=small', fullUrl='https://pbs.twimg.com/media/FrZM48RaMAEOvlJ?format=jpg&name=orig', altText=None)]",Twitter Web App
75,2023-03-16 23:04:00+00:00,1.6365E+18,sunny_cassandra,Cassandra Sunny,,,"▷ 텔레채널검색 p i n k m a n 1 1 4 0 
  
창원합성대마  
강서북한산술  
날부핀  
전라도캔디  
물뽕  
합성대마  
  
#북한산빙두 https://t.co/waWpu1uBSF",0,0,6,['북한산빙두'],"[Photo(previewUrl='https://pbs.twimg.com/media/FrYHWHaaIAAWu73?format=jpg&name=small', fullUrl='https://pbs.twimg.com/media/FrYHWHaaIAAWu73?format=jpg&name=orig', altText=None)]",Twitter Web App
76,2023-03-16 20:42:08+00:00,1.63647E+18,TaneshaKaylee,Tanesha Kaylee,,,"♧ 텔레채널검색 p i n k m a n 1 1 4 0 
  
케미컬약  
액브판매  
엘에스디  
우유주사상선  
강동합성대마  
충청도섹스마약  
  
#부산인슐린 https://t.co/E9xCdSQrKv",0,0,5,['부산인슐린'],"[Photo(previewUrl='https://pbs.twimg.com/media/FrXm3mAaEAAwoKR?format=jpg&name=small', fullUrl='https://pbs.twimg.com/media/FrXm3mAaEAAwoKR?format=jpg&name=orig', altText=None)]",Twitter Web App
77,2023-03-16 20:32:05+00:00,1.63647E+18,ShanaeAlethia,Shanae Alethia,,,"◈ 텔레채널검색 p i n k m a n 1 1 4 0 
  
합성대마  
서울캔디  
옥시코돈  
황술가격  
광주펜타닐  
엑시터시상선  
  
#헤로인구입 https://t.co/gZFDrCUS9R",0,0,12,['헤로인구입'],"[Photo(previewUrl='https://pbs.twimg.com/media/FrXkksmaYAAUHCZ?format=jpg&name=small', fullUrl='https://pbs.twimg.com/media/FrXkksmaYAAUHCZ?format=jpg&name=orig', altText=None)]",Twitter Web App
78,2023-03-16 15:55:05+00:00,1.6364E+18,JeniferCherryl,Cherryl Jenifer,,,"○ 텔레채널검색 p i n k m a n 1 1 4 0 
  
합성대마초가격  
떨액사는법  
대마액상  
엑시  
물뽕구입  
패치  
  
#우유주사상선 https://t.co/5608NHjZqG",0,0,6,['우유주사상선'],"[Photo(previewUrl='https://pbs.twimg.com/media/FrWlKVaaYAATY5a?format=jpg&name=small', fullUrl='https://pbs.twimg.com/media/FrWlKVaaYAATY5a?format=jpg&name=orig', altText=None)]",Twitter Web App
79,2023-03-16 15:40:23+00:00,1.63639E+18,DeannaLois1,Deanna Lois,,,"♥ 텔레채널검색 p i n k m a n 1 1 4 0 
  
Molly  
황술사는방법  
합성대마가격  
물뽕  
삥두  
황술파는곳  
  
#파퍼하는방법 https://t.co/O17WvlKnXc",0,0,11,['파퍼하는방법'],"[Photo(previewUrl='https://pbs.twimg.com/media/FrWhxG6aEAIHf26?format=jpg&name=small', fullUrl='https://pbs.twimg.com/media/FrWhxG6aEAIHf26?format=jpg&name=orig', altText=None)]",Twitter Web App
80,2023-03-16 15:37:21+00:00,1.63639E+18,DorethaMargari2,Doretha Margarita,,,"♥ 텔레채널검색 p i n k m a n 1 1 4 0 
  
뽕아이스사는방법  
부산액상대마  
얼음술파는곳  
정글주스사는곳  
전국합성대마초  
하이브리드  
  
#모르핀 https://t.co/4UquS7CI3z",0,0,4,['모르핀'],"[Photo(previewUrl='https://pbs.twimg.com/media/FrWhGzfaYAMY9OJ?format=jpg&name=small', fullUrl='https://pbs.twimg.com/media/FrWhGzfaYAMY9OJ?format=jpg&name=orig', altText=None)]",Twitter Web App
81,2023-03-16 15:20:41+00:00,1.63639E+18,MeganFarrah1,Megan Farrah,,,"♠ 텔레채널검색 p i n k m a n 1 1 4 0 
  
합성대마팔아요  
콕가격  
강남클럽drug  
강원도스틸녹스  
전북좌표딜러구함  
뽕아이스  
  
#드러그 https://t.co/326WV3MmVD",0,0,3,['드러그'],"[Photo(previewUrl='https://pbs.twimg.com/media/FrWdQd6aQAMiIID?format=jpg&name=small', fullUrl='https://pbs.twimg.com/media/FrWdQd6aQAMiIID?format=jpg&name=orig', altText=None)]",Twitter Web App
82,2023-03-16 10:28:43+00:00,1.63631E+18,LashayHailey,강하우스파티 대마초 떨액상(전국떨),,,"☎ ㅌㄹㄱㄹ문의 : p i n k m a n 1 1 4 
엑시  
북한산아이스가격  
모르핀  
광주합성대마  
케타민원석상선  
광주모르핀  
#매직머쉬룸 https://t.co/ZbirckhjSU",0,0,23,['매직머쉬룸'],"[Photo(previewUrl='https://pbs.twimg.com/media/FrVaeHJaEAIrGkr?format=jpg&name=small', fullUrl='https://pbs.twimg.com/media/FrVaeHJaEAIrGkr?format=jpg&name=orig', altText=None)]",Twitter Web App
83,2023-03-16 10:20:43+00:00,1.63631E+18,KaitlynEna,성남수면유도제 합성떨 강서weed(패치),,,"▷ ㅌㄹㄱㄹ문의 : p i n k m a n 1 1 4 
울산합성대마초  
창원하이드로몰핀  
얼음가격  
케타민  
합성대마  
버드  
#경기도삥두 https://t.co/ugKqhz2T6u",0,0,20,['경기도삥두'],"[Photo(previewUrl='https://pbs.twimg.com/media/FrVYoXFaMAEfKLZ?format=jpg&name=small', fullUrl='https://pbs.twimg.com/media/FrVYoXFaMAEfKLZ?format=jpg&name=orig', altText=None)]",Twitter Web App
84,2023-03-16 07:03:37+00:00,1.63626E+18,LashayHailey,강하우스파티 대마초 떨액상(전국떨),,,"☞ ㅌㄹㄱㄹ문의 : p i n k m a n 1 1 4 
대마액상  
경남하이드로몰핀  
충청도클럽drug  
충남좌표딜러모집  
경남합성떨  
s케타민팝니다  
#아이스구입하는방법 https://t.co/BC33z0wpHI",0,0,12,['아이스구입하는방법'],"[Photo(previewUrl='https://pbs.twimg.com/media/FrUrgBtaQAMdNQL?format=jpg&name=small', fullUrl='https://pbs.twimg.com/media/FrUrgBtaQAMdNQL?format=jpg&name=orig', altText=None)]",Twitter Web App
85,2023-03-16 04:59:24+00:00,1.63623E+18,RaguelDarcie,액상광주하이드로몰핀 전북케이밀크 대구액상떨(강북허브),,,"☞ ㅌㄹㄱㄹ문의 : p i n k m a n 1 1 4 
전국합성대마  
MDMA  
물뽕  
GHB  
케이  
울산수면유도제  
#경상도러쉬 https://t.co/PThTiZ7bw0",0,0,7,['경상도러쉬'],"[Photo(previewUrl='https://pbs.twimg.com/media/FrUPFkzaYAEIKS1?format=jpg&name=small', fullUrl='https://pbs.twimg.com/media/FrUPFkzaYAEIKS1?format=jpg&name=orig', altText=None)]",Twitter Web App
86,2023-03-16 03:04:16+00:00,1.6362E+18,CoraleeDorie,랏슈 수원모르핀 아이스뽕효과(경북인증업자),,,"▶ ㅌㄹㄱㄹ문의 : p i n k m a n 1 1 4 
울산조인트  
경북케미컬약  
합성대마  
충북드라퍼  
엑스터시구하는곳  
스페셜케타민  
#암페타민 https://t.co/jDUbQxN52W",0,0,2,['암페타민'],"[Photo(previewUrl='https://pbs.twimg.com/media/FrT0usTaQAEhgSs?format=jpg&name=small', fullUrl='https://pbs.twimg.com/media/FrT0usTaQAEhgSs?format=jpg&name=orig', altText=None)]",Twitter Web App
87,2023-03-16 02:26:39+00:00,1.63619E+18,LashayHailey,강하우스파티 대마초 떨액상(전국떨),,,"☆ ㅌㄹㄱㄹ문의 : p i n k m a n 1 1 4 
랏슈구하는곳  
에더블구하는법  
헤로인  
엑스터시  
용인합성대마  
포도허브  
#도파민 https://t.co/h0Jlzbm2QG",0,0,13,['도파민'],"[Photo(previewUrl='https://pbs.twimg.com/media/FrTsIZNaUAAGh2u?format=jpg&name=small', fullUrl='https://pbs.twimg.com/media/FrTsIZNaUAAGh2u?format=jpg&name=orig', altText=None)]",Twitter Web App
88,2023-03-16 00:11:19+00:00,1.63616E+18,SooCarita1,트라마돌구입하는법 환각파티 크리스탈가격(수면유도제사는법),,,"● ㅌㄹㄱㄹ문의 : p i n k m a n 1 1 4 
전국합성대마  
캔디구매하는법  
클럽drug  
강남합성떨  
섹스마약하는법  
강동좌표  
#충남해시시 https://t.co/nsAKwQM1TE",0,0,78,['충남해시시'],"[Photo(previewUrl='https://pbs.twimg.com/media/FrTNJAgacAEGVEj?format=jpg&name=small', fullUrl='https://pbs.twimg.com/media/FrTNJAgacAEGVEj?format=jpg&name=orig', altText=None)]",Twitter Web App
89,2023-03-15 21:32:16+00:00,1.63612E+18,GlynisLurline,파티마광주보안딜러 펜타닐 시원한술(정글주스팔아요),,,"☏ ㅌㄹㄱㄹ문의 : p i n k m a n 1 1 4 
경남크리스탈  
합성떨도매  
트라마돌판매처  
합성대마파는곳  
드랍퍼  
작대기술구하는법  
#부산캔디 https://t.co/Lpi1SKwoQC",0,0,69,['부산캔디'],"[Photo(previewUrl='https://pbs.twimg.com/media/FrSowSaacAA8PhH?format=jpg&name=small', fullUrl='https://pbs.twimg.com/media/FrSowSaacAA8PhH?format=jpg&name=orig', altText=None)]",Twitter Web App
90,2023-03-15 20:05:43+00:00,1.6361E+18,MargaretaAlayna,강강남모르핀떨리퀴드 대전뽕 대마초(케이원석구매),,,"▷ ㅌㄹㄱㄹ문의 : p i n k m a n 1 1 4 
강남파티drug  
빙두가격  
콕구입하는법  
수면제하는법  
합성대마구매방법  
액떨도매  
#북한산아이스팝니다 https://t.co/P7UtBJ2Dgc",0,0,4,['북한산아이스팝니다'],"[Photo(previewUrl='https://pbs.twimg.com/media/FrSU8m7akAAPDzA?format=jpg&name=small', fullUrl='https://pbs.twimg.com/media/FrSU8m7akAAPDzA?format=jpg&name=orig', altText=None)]",Twitter Web App
91,2023-03-15 20:03:24+00:00,1.6361E+18,CristalLacie,경북삥두 s케타민 해시시(부산합성대마초),,,"☎ ㅌㄹㄱㄹ문의 : p i n k m a n 1 1 4 
전북조인트  
울산합성대마  
경기도랏슈  
허브  
랏슈  
케미컬약판매합니다  
#드랍 https://t.co/SU5o520V1s",0,0,7,['드랍'],"[Photo(previewUrl='https://pbs.twimg.com/media/FrSUZVJaAAEoZcv?format=jpg&name=small', fullUrl='https://pbs.twimg.com/media/FrSUZVJaAAEoZcv?format=jpg&name=orig', altText=None)]",Twitter Web App
92,2023-03-15 17:08:24+00:00,1.63605E+18,KaitlynEna,성남수면유도제 합성떨 강서weed(패치),,,"▷ ㅌㄹㄱㄹ문의 : p i n k m a n 1 1 4 
밀크케타민  
안전좌표  
드라퍼  
합성대마구매방법  
황술  
전국케이밀크  
#허브액상 https://t.co/vWKjCSDO23",0,0,8,['허브액상'],"[Photo(previewUrl='https://pbs.twimg.com/media/FrRsUpBaIAIFGAr?format=jpg&name=small', fullUrl='https://pbs.twimg.com/media/FrRsUpBaIAIFGAr?format=jpg&name=orig', altText=None)]",Twitter Web App
93,2023-03-15 14:29:36+00:00,1.63601E+18,LeeNancey5,북한산아짝대기 환각제판매 즉시좌표(댑),,,"★ ㅌㄹㄱㄹ문의 : p i n k m a n 1 1 4 
경북머쉬룸  
환각버섯사는방법  
전국드라퍼모집  
대구합성대마  
전남안전딜러  
drug구매하는법  
#광주얼음 https://t.co/32alhlyVWB",0,0,53,['광주얼음'],"[Photo(previewUrl='https://pbs.twimg.com/media/FrRIBQqaMAEw0jD?format=jpg&name=small', fullUrl='https://pbs.twimg.com/media/FrRIBQqaMAEw0jD?format=jpg&name=orig', altText=None)]",Twitter Web App
95,2023-03-14 08:57:00+00:00,1.63557E+18,nrkYxY8M5bjcwtQ,황금소1등,,,합성대마파는곳 아이스사는곳 원석케이코인무통 버드던지기 필로폰사는곳 엑스터시구매 위드안전드랍 케이코인무통 https://t.co/NsfOmH6Nxi,0,0,1,,"[Photo(previewUrl='https://pbs.twimg.com/media/FrKyS_FaIAEjVFr?format=jpg&name=small', fullUrl='https://pbs.twimg.com/media/FrKyS_FaIAEjVFr?format=jpg&name=orig', altText=None)]",Twitter Web App
96,2023-03-14 03:12:08+00:00,1.63548E+18,nrkYxY8M5bjcwtQ,황금소1등,,,합성대마파는곳 대마초안전드랍 액상대마판매 뽕사는곳 GHB안전드랍 https://t.co/w0Sri1wyCB,0,0,1,,"[Photo(previewUrl='https://pbs.twimg.com/media/FrJjXFRaQAARqEI?format=jpg&name=small', fullUrl='https://pbs.twimg.com/media/FrJjXFRaQAARqEI?format=jpg&name=orig', altText=None)]",Twitter Web App
97,2023-03-14 01:50:19+00:00,1.63546E+18,HwangGeumso,황금소,,,코카인코인무통 떨파는곳 MDMA코인무통 합성대마구매 마리화나판매 밀크케이코인무통 https://t.co/4kYRfcnQ5T,0,0,,,"[Photo(previewUrl='https://pbs.twimg.com/media/FrJQoohagAAaKCq?format=jpg&name=small', fullUrl='https://pbs.twimg.com/media/FrJQoohagAAaKCq?format=jpg&name=orig', altText=None)]",Twitter Web App
98,2023-03-13 23:59:25+00:00,1.63543E+18,nrkYxY8M5bjcwtQ,황금소1등,,,합성대마구매 드라퍼구직 허브사는곳 필로폰코인무통 인디카안전드랍 LSD안전드랍 https://t.co/RSslbYenUY,0,0,,,"[Photo(previewUrl='https://pbs.twimg.com/media/FrI3QKwaUAEJqEs?format=jpg&name=small', fullUrl='https://pbs.twimg.com/media/FrI3QKwaUAEJqEs?format=jpg&name=orig', altText=None)]",Twitter Web App
99,2023-03-13 22:18:00+00:00,1.6354E+18,nrkYxY8M5bjcwtQ,황금소1등,,,허브파는곳 엑스터시구매 콕사는곳 브액코인무통 인디카파는곳 뽕파는곳 물뽕구매 합성대마파는곳 https://t.co/jltHP4Pf7C,0,0,1,,"[Photo(previewUrl='https://pbs.twimg.com/media/FrIgCdMakAAtrUX?format=jpg&name=small', fullUrl='https://pbs.twimg.com/media/FrIgCdMakAAtrUX?format=jpg&name=orig', altText=None)]",Twitter Web App
100,2023-03-13 21:57:01+00:00,1.6354E+18,HwangGeumso,황금소,,,대마초안전드랍 크리스탈던지기 합성대마안전드랍 얼음안전드랍 캔디던지기 뽕사는곳 뽕판매 작대기사는곳 https://t.co/72lRbNLXdu,0,0,,,"[Photo(previewUrl='https://pbs.twimg.com/media/FrIbPRNagAAalYA?format=jpg&name=small', fullUrl='https://pbs.twimg.com/media/FrIbPRNagAAalYA?format=jpg&name=orig', altText=None)]",Twitter Web App
101,2023-03-13 21:11:37+00:00,1.63539E+18,MeeMerissa1,Mee Merissa,,,"#암페타민  
★ 텔레그램24시상담 : p i n k m a n 1 1 4 
  
전국합성대마  
  
브액가격  
  
경기도파티drug  
  
아이스뽕  
  
보안좌표  
  
전북스페셜케타민 https://t.co/WdNKBrFuBT",0,0,25,['암페타민'],"[Photo(previewUrl='https://pbs.twimg.com/media/FrIQ2VpaQAAw9MT?format=jpg&name=small', fullUrl='https://pbs.twimg.com/media/FrIQ2VpaQAAw9MT?format=jpg&name=orig', altText=None)]",Twitter Web App
102,2023-03-13 20:11:02+00:00,1.63537E+18,TowandaDemetra,Towanda Demetra,,,"#삥두  
◈ 텔레그램24시상담 : p i n k m a n 1 1 4 
  
강북뽕아이스  
  
경남발정제  
  
고퀄아이스  
  
LSD  
  
대구합성대마  
  
드러그가격 https://t.co/zp1qoGUHLJ",0,0,39,['삥두'],"[Photo(previewUrl='https://pbs.twimg.com/media/FrIC9NoaAAAuu19?format=jpg&name=small', fullUrl='https://pbs.twimg.com/media/FrIC9NoaAAAuu19?format=jpg&name=orig', altText=None)]",Twitter Web App
103,2023-03-13 18:44:34+00:00,1.63535E+18,SookHildegarde,Hildegarde Sook,,,"#원석케타민구입하는방법  
☎ 텔레그램24시상담 : p i n k m a n 1 1 4 
  
강동캔디  
  
성남버드  
  
합성대마팔아요  
  
콕판매처  
  
케타민원석팔아요  
  
뽕구매하는법 https://t.co/UuAfK43KRS",0,0,15,['원석케타민구입하는방법'],"[Photo(previewUrl='https://pbs.twimg.com/media/FrHvMBAaYAAPD1j?format=jpg&name=small', fullUrl='https://pbs.twimg.com/media/FrHvMBAaYAAPD1j?format=jpg&name=orig', altText=None)]",Twitter Web App
104,2023-03-13 17:42:48+00:00,1.63534E+18,VernonRobbi1,Vernon Robbi,,,"#성남실시간좌표  
▷ 텔레그램24시상담 : p i n k m a n 1 1 4 
  
합성대마구하는곳  
  
캔디  
  
조인트하는방법  
  
해시시구매하는법  
  
정글주스  
  
수원작대기 https://t.co/8okk1Wr8XB",0,0,20,['성남실시간좌표'],"[Photo(previewUrl='https://pbs.twimg.com/media/FrHhC4gakAALkKw?format=jpg&name=small', fullUrl='https://pbs.twimg.com/media/FrHhC4gakAALkKw?format=jpg&name=orig', altText=None)]",Twitter Web App
105,2023-03-13 16:58:07+00:00,1.63532E+18,mertie_mikki,Mikki Mertie,,,"#케이원석구매  
☞ 텔레그램24시상담 : p i n k m a n 1 1 4 
  
합성대마  
  
머쉬룸  
  
캔디  
  
각성제  
  
울산허브  
  
액브 https://t.co/8AIxPDdNSc",0,0,25,['케이원석구매'],"[Photo(previewUrl='https://pbs.twimg.com/media/FrHW0z7agAEG4n5?format=jpg&name=small', fullUrl='https://pbs.twimg.com/media/FrHW0z7agAEG4n5?format=jpg&name=orig', altText=None)]",Twitter Web App
106,2023-03-13 16:32:26+00:00,1.63532E+18,HwangGeumso,황금소,,,캔디구매 액상허브안전드랍 버드사는곳 엑스터시판매 합성대마구매 위드파는곳 https://t.co/Owc7btXH6h,0,0,,,"[Photo(previewUrl='https://pbs.twimg.com/media/FrHQ8r8acAA8lEz?format=jpg&name=small', fullUrl='https://pbs.twimg.com/media/FrHQ8r8acAA8lEz?format=jpg&name=orig', altText=None)]",Twitter Web App
107,2023-03-13 14:23:49+00:00,1.63529E+18,kayla_shanta,Shanta Kayla,,,"#성남하선구함  
♧ 텔레그램24시상담 : p i n k m a n 1 1 4 
  
강원도수면보조제  
  
하이브리드  
  
충청도드랍  
  
케이밀크사는법  
  
충청도합성대마  
  
서울좌표딜러구함 https://t.co/piQxez1E4e",0,0,7,['성남하선구함'],"[Photo(previewUrl='https://pbs.twimg.com/media/FrGzfigaYAImdym?format=jpg&name=small', fullUrl='https://pbs.twimg.com/media/FrGzfigaYAImdym?format=jpg&name=orig', altText=None)]",Twitter Web App
108,2023-03-13 12:59:25+00:00,1.63526E+18,HwangGeumso,황금소,,,물뽕파는곳 합성대마파는곳 작대기사는곳 케이코인무통 엘판매 https://t.co/eYLSBozYXG,0,0,2,,"[Photo(previewUrl='https://pbs.twimg.com/media/FrGgMJsaAAYDfFc?format=jpg&name=small', fullUrl='https://pbs.twimg.com/media/FrGgMJsaAAYDfFc?format=jpg&name=orig', altText=None)]",Twitter Web App
109,2023-03-13 11:17:57+00:00,1.63524E+18,HwangGeumso,황금소,,,LSD구매 드라퍼구해요 엑스터시안전드랍 MDMA사는곳 쿠시파는곳 사티바안전드랍 GHB안전드랍 합성대마안전드랍 코크파는곳 https://t.co/Dqq6sDSjYy,0,0,,,"[Photo(previewUrl='https://pbs.twimg.com/media/FrGI-BXaEAAKIlQ?format=jpg&name=small', fullUrl='https://pbs.twimg.com/media/FrGI-BXaEAAKIlQ?format=jpg&name=orig', altText=None)]",Twitter Web App
110,2023-03-13 10:17:05+00:00,1.63522E+18,HwangGeumso,황금소,,,위드안전드랍 여성흥분제안전드랍 합성대마판매 사끼구매 MDMA파는곳 뽕판매 LSD안전드랍 https://t.co/ragP1mcAnq,0,0,2,,"[Photo(previewUrl='https://pbs.twimg.com/media/FrF7CPSaAAAuvaY?format=jpg&name=small', fullUrl='https://pbs.twimg.com/media/FrF7CPSaAAAuvaY?format=jpg&name=orig', altText=None)]",Twitter Web App
111,2023-03-12 14:44:41+00:00,1.63493E+18,DarcieLatanya,전라도뽕아이스 섹스마약 포도허브팔아요(시원한술),,,"☞ 텔레그램24시상담 : p i n k m a n 1 1 4 
  
떨액하는방법 서울대마액상 
  
울산수면유도제 강남드랍퍼모집 
  
합성대마초 찬술구매처 
  
#강북뽕 https://t.co/QauFFoEgo8",0,0,67,['강북뽕'],"[Photo(previewUrl='https://pbs.twimg.com/media/FrBur6JaYAIM6EW?format=jpg&name=small', fullUrl='https://pbs.twimg.com/media/FrBur6JaYAIM6EW?format=jpg&name=orig', altText=None)]",Twitter Web App
112,2023-03-12 14:42:09+00:00,1.63493E+18,LettyEvelin,전라도고기 대전아이스뽕 광주드러그(삥두구입하는방법),,,"♥ 텔레그램24시상담 : p i n k m a n 1 1 4 
  
히로뽕판매 합성대마구하는법 
  
전라도액상떨 헤로인구매하는법 
  
아이스팝니다 졸피뎀 
  
#전국드랍 https://t.co/zed8PJNCCD",0,0,84,['전국드랍'],"[Photo(previewUrl='https://pbs.twimg.com/media/FrBuHvvaUAEhx-s?format=jpg&name=small', fullUrl='https://pbs.twimg.com/media/FrBuHvvaUAEhx-s?format=jpg&name=orig', altText=None)]",Twitter Web App
113,2023-03-12 11:56:35+00:00,1.63489E+18,KailaErna,머쉬스페셜케타수원프로포폴 작대기술 몰리(충남고기),,,"♡ 텔레그램24시상담 : p i n k m a n 1 1 4 
  
엑시터시도매 강남드라퍼구인 
  
합성대마 울산브액 
  
각성제구매하는법 대마초 
  
#경북신속배송 https://t.co/YxzUOSaeux",0,0,48,['경북신속배송'],"[Photo(previewUrl='https://pbs.twimg.com/media/FrBIM0VakAUQJvy?format=jpg&name=small', fullUrl='https://pbs.twimg.com/media/FrBIM0VakAUQJvy?format=jpg&name=orig', altText=None)]",Twitter Web App
115,2023-03-10 15:14:44+00:00,1.63421E+18,alfimastara,대전좌표딜러모집 합성떨후기 강서원석케타민(),,Mzansi(SA),"♥ ㅌㄹㄱㄹ  p i n k m a n 1 1 4 
창원케미컬약  
경기도합성대마  
안전드랍  
충북케이밀크  
전라도신속배송  
케미컬약  
#보안드랍 https://t.co/hVtA6GRwVj",0,0,38,['보안드랍'],"[Photo(previewUrl='https://pbs.twimg.com/media/Fq3iY7SaQAA5SfR?format=jpg&name=small', fullUrl='https://pbs.twimg.com/media/Fq3iY7SaQAA5SfR?format=jpg&name=orig', altText=None)]",Twitter Web App
116,2023-03-10 14:34:10+00:00,1.6342E+18,kaecee_26,강남밀크케타민 울산마리화나 해시시(),,antipolo city,"▷ ㅌㄹㄱㄹ  p i n k m a n 1 1 4 
전라도차가운술  
합성대마판매  
콕파는곳  
아이스후기  
강원도섹스마약  
차가운술구입하는법  
#마약도매 https://t.co/aLZ2W8TAMg",0,0,243,['마약도매'],"[Photo(previewUrl='https://pbs.twimg.com/media/Fq3ZFrTaAAE0pqv?format=jpg&name=small', fullUrl='https://pbs.twimg.com/media/Fq3ZFrTaAAE0pqv?format=jpg&name=orig', altText=None)]",Twitter Web App
117,2023-03-10 08:39:05+00:00,1.63411E+18,alfimastara,대전좌표딜러모집 합성떨후기 강서원석케타민(),,Mzansi(SA),"○ ㅌㄹㄱㄹ  p i n k m a n 1 1 4 
충남파티마약  
머쉬룸사는방법  
울산합성대마초  
머쉬룸파는곳  
경상도딜러  
대마상선  
#케미컬 https://t.co/k1FayDptTo",0,0,274,['케미컬'],"[Photo(previewUrl='https://pbs.twimg.com/media/Fq2H1jiaQAAgVoW?format=jpg&name=small', fullUrl='https://pbs.twimg.com/media/Fq2H1jiaQAAgVoW?format=jpg&name=orig', altText=None)]",Twitter Web App
119,2023-03-09 15:29:41+00:00,1.63385E+18,irhul_aregz,irhul,,,"#프로포폴사는법  
☏ 텔레그램 채널  p i n k m a n 1 1 4 0 
  
디스펜서리  
  
합성대마파는곳  
  
엑시터시파는곳  
  
강서몰리  
  
하선구함  
  
울산고기 https://t.co/XWJ1F6Tdle",0,0,63,['프로포폴사는법'],"[Photo(previewUrl='https://pbs.twimg.com/media/FqycMnJagAIbMAP?format=jpg&name=small', fullUrl='https://pbs.twimg.com/media/FqycMnJagAIbMAP?format=jpg&name=orig', altText=None)]",Twitter Web App
121,2023-03-09 09:54:55+00:00,1.63377E+18,irhul_aregz,irhul,,,"#진통제판매  
◈ 텔레그램 채널  p i n k m a n 1 1 4 0 
  
강동드러그  
  
대전버드  
  
합성대마  
  
액떨사는법  
  
경상도진통제  
  
강동엑시터시 https://t.co/kq1wCz6fBF",0,0,31,['진통제판매'],"[Photo(previewUrl='https://pbs.twimg.com/media/FqxPjgfacAEXhhM?format=jpg&name=small', fullUrl='https://pbs.twimg.com/media/FqxPjgfacAEXhhM?format=jpg&name=orig', altText=None)]",Twitter Web App
122,2023-03-08 17:37:39+00:00,1.63352E+18,AvaAnniesFan,Ava Annies Fan,,,"#콕사는법  
★ 텔레그램 채널  p i n k m a n 1 1 4 0 
  
드러그파는곳  
  
디스펜서리사는곳  
  
경상도신속드랍  
  
케타민원석  
  
합성대마  
  
창원뽕 https://t.co/txzRzLTQnd",0,0,45,['콕사는법'],"[Photo(previewUrl='https://pbs.twimg.com/media/Fqtv57-aEAALqPX?format=jpg&name=small', fullUrl='https://pbs.twimg.com/media/Fqtv57-aEAALqPX?format=jpg&name=orig', altText=None)]",Twitter Web App
125,2023-03-02 16:00:05+00:00,1.63132E+18,RenateWarbritto,Renate Warbritton,,,"☞ 텔 레 문의 - pink m a n 114 
충남합성대마  
밀크케이사는법  
경북인증업체  
강서마리화나  
사끼  
  
#강서아이스 https://t.co/K1AeW3mKus",0,0,17,['강서아이스'],"[Photo(previewUrl='https://pbs.twimg.com/media/FqOgDSCagAIFqo9?format=jpg&name=small', fullUrl='https://pbs.twimg.com/media/FqOgDSCagAIFqo9?format=jpg&name=orig', altText=None)]",Twitter Web App
126,2023-03-02 12:23:16+00:00,1.63127E+18,ShavonLofton641,Shavon Lofton,,,"▶ 텔 레 문의 - pink m a n 114 
드랍퍼구인  
대구보안드랍  
광주합성대마  
캔디구매하는법  
울산몰리  
  
#펜타닐하는법 https://t.co/9qy7hUFuxN",0,0,45,['펜타닐하는법'],"[Photo(previewUrl='https://pbs.twimg.com/media/FqNuZoiaMAASkgU?format=jpg&name=small', fullUrl='https://pbs.twimg.com/media/FqNuZoiaMAASkgU?format=jpg&name=orig', altText=None)]",Twitter Web App
127,2023-03-02 12:03:47+00:00,1.63126E+18,fierdhamaulana,fierdha maulana,,,"▷ 텔 레 문의 - pink m a n 114 
전북드랍  
강남드라퍼  
경기도엘에스디  
랏슈후기  
합성대마팝니다  
  
#케타민밀크구입 https://t.co/8Mcf1m8eql",0,0,59,['케타민밀크구입'],"[Photo(previewUrl='https://pbs.twimg.com/media/FqNp7DSaQAIhXOA?format=jpg&name=small', fullUrl='https://pbs.twimg.com/media/FqNp7DSaQAIhXOA?format=jpg&name=orig', altText=None)]",Twitter Web App
128,2023-03-02 05:54:32+00:00,1.63117E+18,velisia_ollin,νɐℓιŝια σℓℓιи τ ◦♡,,Banjarmasin,"● 텔 레 문의 - pink m a n 114 
합성대마구매처  
서울스틸녹스  
황술상선  
충청도합성대마초  
브액  
  
#경기도파티마약 https://t.co/ckNE8DuijR",0,0,39,['경기도파티마약'],"[Photo(previewUrl='https://pbs.twimg.com/media/FqMVch2aQAEFaH2?format=png&name=small', fullUrl='https://pbs.twimg.com/media/FqMVch2aQAEFaH2?format=png&name=orig', altText=None)]",Twitter Web App
129,2023-03-02 05:19:01+00:00,1.63116E+18,rhojean_23,rhoy benavidez,,,"● 텔 레 문의 - pink m a n 114 
매직머쉬룸후기  
전문딜러  
하이브리드  
울산합성대마  
울산필로폰  
  
#LSD하는법 https://t.co/4Oh3MlRtIq",0,0,17,['LSD하는법'],"[Photo(previewUrl='https://pbs.twimg.com/media/FqMNSv7acAMeMvt?format=jpg&name=small', fullUrl='https://pbs.twimg.com/media/FqMNSv7acAMeMvt?format=jpg&name=orig', altText=None)]",Twitter Web App
130,2023-03-01 18:38:27+00:00,1.631E+18,rhon_rhonz,rhona,,,"♧ 텔 레 문의 - pink m a n 114 
성남파퍼  
성남합성대마  
경기도하선모집  
도리도리구매  
고기팔아요  
  
#뽕아이스사는방법 https://t.co/mrqJiTjkmG",0,0,13,['뽕아이스사는방법'],"[Photo(previewUrl='https://pbs.twimg.com/media/FqJ6tiLaAAEJe3R?format=jpg&name=small', fullUrl='https://pbs.twimg.com/media/FqJ6tiLaAAEJe3R?format=jpg&name=orig', altText=None)]",Twitter Web App
131,2023-03-01 13:54:23+00:00,1.63093E+18,bhieangel,bhie abaya,,,"♧ 텔 레 문의 - pink m a n 114 
경북합성대마  
강북코카인  
충북엑스터시  
코카인하는법  
원석케타민파는곳  
  
#서울대마액상 https://t.co/BzKUL6bNHn",0,0,110,['서울대마액상'],"[Photo(previewUrl='https://pbs.twimg.com/media/FqI5sjWaQAUeg3u?format=jpg&name=small', fullUrl='https://pbs.twimg.com/media/FqI5sjWaQAUeg3u?format=jpg&name=orig', altText=None)]",Twitter Web App
132,2023-03-01 11:37:21+00:00,1.63089E+18,ititsan,Nastiti Sulustyorini,,,"☆ 텔 레 문의 - pink m a n 114 
MDMA구매하는법  
전국합성대마  
충청도보안딜러  
코카인판매  
암페타민효과  
  
#마약하는법 https://t.co/X7TuLiRWys",0,0,52,['마약하는법'],"[Photo(previewUrl='https://pbs.twimg.com/media/FqIaVFGacAABgnU?format=jpg&name=small', fullUrl='https://pbs.twimg.com/media/FqIaVFGacAABgnU?format=jpg&name=orig', altText=None)]",Twitter Web App
133,2023-03-01 02:11:40+00:00,1.63075E+18,Cruickshank43o,ginnie Cruickshank,,,"▶ 텔 레 그 램 - p i n k m a n 114 
  
샘플  
전국합성대마  
weed  
경상도케타민밀크  
인슐린  
충북섹스마약  
  
#대구진통제 https://t.co/coWfUCy98U",0,0,37,['대구진통제'],"[Photo(previewUrl='https://pbs.twimg.com/media/FqGY2B-acAIDK1y?format=jpg&name=small', fullUrl='https://pbs.twimg.com/media/FqGY2B-acAIDK1y?format=jpg&name=orig', altText=None)]",Twitter Web App
134,2023-02-28 22:31:11+00:00,1.6307E+18,mshoneybunch,esperanza,,,"♧ 텔 레 그 램 - p i n k m a n 114 
  
강동마취제  
대마초판매합니다  
합성대마효과  
각성제구입하는법  
파티drug  
서울액상대마  
  
#광주액상떨 https://t.co/BxKbT3hsOk",0,0,21,['광주액상떨'],"[Photo(previewUrl='https://pbs.twimg.com/media/FqFmZAoaQAE6nde?format=jpg&name=small', fullUrl='https://pbs.twimg.com/media/FqFmZAoaQAE6nde?format=jpg&name=orig', altText=None)]",Twitter Web App
135,2023-02-28 18:33:08+00:00,1.63064E+18,ikizchan,ikiz chan,,,"♥ 텔 레 그 램 - p i n k m a n 114 
  
경북프로포폴  
고기  
합성대마  
성남랏슈  
북한산아이스판매합니다  
허브  
  
#삥두구하는곳 https://t.co/YYCmCZUJ7j",0,0,25,['삥두구하는곳'],"[Photo(previewUrl='https://pbs.twimg.com/media/FqEv4NHaYAADo7V?format=jpg&name=small', fullUrl='https://pbs.twimg.com/media/FqEv4NHaYAADo7V?format=jpg&name=orig', altText=None)]",Twitter Web App
136,2023-02-28 16:21:28+00:00,1.6306E+18,Houk79n,izabel Houk,,,"☎ 텔 레 그 램 - p i n k m a n 114 
  
합성대마구매  
섹스마약  
성남스틸녹스  
버드  
성남드라퍼구인  
강동드라퍼  
  
#대전사탕 https://t.co/ZDZHqBiWis",0,0,90,['대전사탕'],"[Photo(previewUrl='https://pbs.twimg.com/media/FqERxHhaUAARdVk?format=jpg&name=small', fullUrl='https://pbs.twimg.com/media/FqERxHhaUAARdVk?format=jpg&name=orig', altText=None)]",Twitter Web App
137,2023-02-28 15:51:30+00:00,1.6306E+18,ran_chez3542,randy sanchez,,,"♠ 텔 레 그 램 - p i n k m a n 114 
  
몰리사는곳  
북한산술  
Molly  
합성대마가격  
세종케이캔디  
광주보안업체  
  
#얼음술상선 https://t.co/kTOUuePRi9",0,0,24,['얼음술상선'],"[Photo(previewUrl='https://pbs.twimg.com/media/FqEK6G6aQAAPlDT?format=jpg&name=small', fullUrl='https://pbs.twimg.com/media/FqEK6G6aQAAPlDT?format=jpg&name=orig', altText=None)]",Twitter Web App
138,2023-02-28 15:07:48+00:00,1.63059E+18,jebonpng,sang kuriang,,,"○ 텔 레 그 램 - p i n k m a n 114 
  
크리스탈구매처  
창원합성대마  
클럽drug  
충청도마약  
파티마약하는법  
경기도버드  
  
#경남마리화나 https://t.co/ytc9NbatpZ",0,0,65,['경남마리화나'],"[Photo(previewUrl='https://pbs.twimg.com/media/FqEA5mDaYAYtc4Z?format=jpg&name=small', fullUrl='https://pbs.twimg.com/media/FqEA5mDaYAYtc4Z?format=jpg&name=orig', altText=None)]",Twitter Web App
139,2023-02-28 08:33:08+00:00,1.63049E+18,paperintheline,paperintheline,,,"♥ 텔레24시상담 - p i n k m a n 114 
  
우유주사상선  
성남합성대마  
경북사탕  
짝대기판매합니다  
브액상선  
충남보안좌표  
#수원북한산술 https://t.co/bKaWE9iDtE",0,0,30,['수원북한산술'],"[Photo(previewUrl='https://pbs.twimg.com/media/FqCmkh0aEAALg9Q?format=jpg&name=small', fullUrl='https://pbs.twimg.com/media/FqCmkh0aEAALg9Q?format=jpg&name=orig', altText=None)]",Twitter Web App
140,2023-02-28 06:13:52+00:00,1.63045E+18,delina_eva,Delina Eva,,,"▶ 텔레24시상담 - p i n k m a n 114 
  
강서합성대마  
아이스구매하는법  
창원대마  
수원엑시터시  
강남좌표  
강북신속배송  
#경상도합성대마초",0,0,40,['경상도합성대마초'],,Twitter Web App
141,2023-02-28 03:44:55+00:00,1.63041E+18,Hamelin55n,cinda Hamelin,,,"♡ 텔레24시상담 - p i n k m a n 114 
  
충북드랍  
해시시구하는법  
충청도사탕  
광주콕  
졸피뎀하는법  
합성대마팔아요  
#강남스페셜케타민 https://t.co/bvXY5UQk2Z",0,0,16,['강남스페셜케타민'],"[Photo(previewUrl='https://pbs.twimg.com/media/FqBkmuyaAAAyH4i?format=jpg&name=small', fullUrl='https://pbs.twimg.com/media/FqBkmuyaAAAyH4i?format=jpg&name=orig', altText=None)]",Twitter Web App
142,2023-02-28 00:05:37+00:00,1.63036E+18,Hamelin55n,cinda Hamelin,,,"☏ 텔레24시상담 - p i n k m a n 114 
  
전남인슐린  
파티마약  
강북대마  
얼음술  
서울대마액상  
서울합성대마  
#경기도드라퍼모집 https://t.co/Sge3maMp9d",0,0,14,['경기도드라퍼모집'],"[Photo(previewUrl='https://pbs.twimg.com/media/FqAyY-KagAAA-vl?format=jpg&name=small', fullUrl='https://pbs.twimg.com/media/FqAyY-KagAAA-vl?format=jpg&name=orig', altText=None)]",Twitter Web App
143,2023-02-27 23:45:46+00:00,1.63035E+18,Fater36v,angie Fater,,,"▶ 텔레24시상담 - p i n k m a n 114 
  
하이브리드  
성남합성대마  
충북엑시터시  
충북드랍퍼  
충남파티drug  
사끼  
#강서아이스뽕 https://t.co/CYnBzYwbbo",0,0,8,['강서아이스뽕'],"[Photo(previewUrl='https://pbs.twimg.com/media/FqAt3l0aIAAF5YU?format=jpg&name=small', fullUrl='https://pbs.twimg.com/media/FqAt3l0aIAAF5YU?format=jpg&name=orig', altText=None)]",Twitter Web App
144,2023-02-27 18:58:12+00:00,1.63028E+18,Banerd35k,danice Banerd,,,"♡ 텔레문의 - p i n k m a n 114 
  
#얼음술구입  
모르핀  
  
drug  
  
성남우유주사  
  
MDMA사는법  
  
정글주스가격  
  
강남합성대마 https://t.co/N4yJdiBxjO",0,0,42,['얼음술구입'],"[Photo(previewUrl='https://pbs.twimg.com/media/Fp_sC9TacAADl2t?format=jpg&name=small', fullUrl='https://pbs.twimg.com/media/Fp_sC9TacAADl2t?format=jpg&name=orig', altText=None)]",Twitter Web App
145,2023-02-27 17:50:52+00:00,1.63026E+18,Grosman40u,valenka Grosman,,,"● 텔레문의 - p i n k m a n 114 
  
#떨구매  
인천브액  
  
합성떨구매하는법  
  
울산대마  
  
아이스구입하는법  
  
경북드랍퍼구인  
  
파티drug판매 https://t.co/Y3Nr8ZnxLT",0,0,63,['떨구매'],"[Photo(previewUrl='https://pbs.twimg.com/media/Fp_co5_acAEzExz?format=jpg&name=small', fullUrl='https://pbs.twimg.com/media/Fp_co5_acAEzExz?format=jpg&name=orig', altText=None)]",Twitter Web App
146,2023-02-27 17:24:19+00:00,1.63026E+18,delina_eva,Delina Eva,,,"♡ 텔레문의 - p i n k m a n 114 
  
#MDMA팝니다  
허브액상판매  
  
성남북한산술  
  
부산떨  
  
인천디스펜서리  
  
인천환각제  
  
전국합성대마 https://t.co/A26Bwanxeq",0,0,43,['MDMA팝니다'],"[Photo(previewUrl='https://pbs.twimg.com/media/Fp_WhSBaUAISZvF?format=jpg&name=small', fullUrl='https://pbs.twimg.com/media/Fp_WhSBaUAISZvF?format=jpg&name=orig', altText=None)]",Twitter Web App
147,2023-02-27 17:18:59+00:00,1.63026E+18,kotri40018,kotri40018,,,"☎ 텔레문의 - p i n k m a n 114 
  
#강원도에더블  
서울합성대마  
  
울산엑시터시  
  
weed구입하는법  
  
용인Molly  
  
마리화나판매처  
  
전북보안드랍 https://t.co/4VONyOONiZ",0,0,22,['강원도에더블'],"[Photo(previewUrl='https://pbs.twimg.com/media/Fp_VTnRaMAMTgoA?format=jpg&name=small', fullUrl='https://pbs.twimg.com/media/Fp_VTnRaMAMTgoA?format=jpg&name=orig', altText=None)]",Twitter Web App
148,2023-02-26 21:47:47+00:00,1.62996E+18,calebuteu,전남강서서울합성대마 성남마리화나 캔디구매(허브액상구하는법),,,"♡ telegram: p i n k m a n 114 
  
충북액브  
대마  
엑스터시  
창원히로뽕  
떨  
경북합성대마  
  
#용인얼음 https://t.co/MRBFJSI8u9",0,0,35,['용인얼음'],"[Photo(previewUrl='https://pbs.twimg.com/media/Fp7JSGuakAABYbX?format=jpg&name=small', fullUrl='https://pbs.twimg.com/media/Fp7JSGuakAABYbX?format=jpg&name=orig', altText=None)]",Twitter Web App
149,2023-02-25 13:01:11+00:00,1.62947E+18,hhaarriisshhxy,Harish Kumar,,,"#모르핀파는곳  
♥ ㅌㄹㄱㄹ : p i n k m a n 1 1 4 
  
성남원석케이  
세종해시시  
전북합성대마  
충북원석케이  
클럽약  
강남삥두 https://t.co/8LQQEdmGDa",0,0,30,['모르핀파는곳'],"[Photo(previewUrl='https://pbs.twimg.com/media/Fp0HIE5aYAAaWbP?format=jpg&name=small', fullUrl='https://pbs.twimg.com/media/Fp0HIE5aYAAaWbP?format=jpg&name=orig', altText=None)]",Twitter Web App
152,2023-02-21 14:18:57+00:00,1.62804E+18,cws777,T E L : p믿고 거래하는 안전상선p도리도리 떨액 작대기 사끼 팝니다 ㅌㄹpinkman,,,"○ 텔레  p i n k m a n 114 ☞ 
#옥시코돈팔아요  
  
인천각성제 황술 
  
대마초구매 케타민효과 
  
경남합성대마 경기도MDMA https://t.co/7fmTPTqnpX",0,0,82,['옥시코돈팔아요'],"[Photo(previewUrl='https://pbs.twimg.com/media/FpfymP0acAAIt5S?format=jpg&name=small', fullUrl='https://pbs.twimg.com/media/FpfymP0acAAIt5S?format=jpg&name=orig', altText=None)]",Twitter Web App
153,2023-02-21 10:16:21+00:00,1.62798E+18,rodelplana994,TELEGRAM pinkman114(인천하선구함),,,"● 텔레  p i n k m a n 114 ☆ 
#짝대기판매합니다  
  
안전좌표 펜타닐 
  
창원액상대마 케이사는법 
  
부산합성떨 마취제팝니다 https://t.co/eao4kDVoP7",0,0,71,['짝대기판매합니다'],"[Photo(previewUrl='https://pbs.twimg.com/media/Fpe7CIFaIAEbbJs?format=jpg&name=small', fullUrl='https://pbs.twimg.com/media/Fpe7CIFaIAEbbJs?format=jpg&name=orig', altText=None)]",Twitter Web App
154,2023-02-20 23:01:54+00:00,1.62781E+18,asdf2014t,عبدالرزاق,,,"▶ 구독자 300명 돌파기념 할인이벤트중! ○ 
사기당하지마시고 핑크맨한테 tel. p i n k m a n 114 ☎ 
  
수원빙두  
스틸녹스구하는곳  
합성대마  
전남차가운술  
환각제가격  
#용인사탕 https://t.co/bg07pc4iA2",0,0,39,['용인사탕'],"[Photo(previewUrl='https://pbs.twimg.com/media/FpcgqkRagAIhWx6?format=jpg&name=small', fullUrl='https://pbs.twimg.com/media/FpcgqkRagAIhWx6?format=jpg&name=orig', altText=None)]",Twitter Web App
157,2023-02-16 02:51:31+00:00,1.62605E+18,potchehome,Potche,,,"○ TEL :  p i n k m a n 114 아이스 허브 커피파우더 케이 브액 상선 
☆ 최고의 퀄리티 자부합니다 
경남우유주사  
광주신속드랍  
스페셜케타민파는곳  
찬술효과  
인증업체  
경남합성대마  
#대마액상구매하는법 https://t.co/dFQ13oZxhP",0,0,37,['대마액상구매하는법'],"[Photo(previewUrl='https://pbs.twimg.com/media/FpDlRhtakAEuPdW?format=jpg&name=small', fullUrl='https://pbs.twimg.com/media/FpDlRhtakAEuPdW?format=jpg&name=orig', altText=None)]",Twitter Web App
158,2023-02-13 09:06:22+00:00,1.62506E+18,Iduy11186,wahyudi,,jakarta,"#경남밀크케타민  
● 24시간 상담대기  p i n k m a n 114 
  
강서차가운술  
  
프로포폴파는곳  
  
각성제  
  
뽕아이스  
  
전북원석케이  
  
충북합성대마 https://t.co/Kifq9cjiLl",0,0,15,['경남밀크케타민'],"[Photo(previewUrl='https://pbs.twimg.com/media/Fo1eVJaacAEqF-8?format=jpg&name=small', fullUrl='https://pbs.twimg.com/media/Fo1eVJaacAEqF-8?format=jpg&name=orig', altText=None)]",Twitter Web App
159,2023-02-13 05:56:04+00:00,1.62501E+18,husnaarzelina,husna,,,"#파티마약후기  
◈  p i n k m a n 114 &lt;&lt; 텔레 검색 
  
찬술판매처  
  
밀크케이  
  
원석케이  
  
엑스터시후기  
  
충청도액떨  
  
수원합성대마 https://t.co/Ib3Pquo9wq",0,0,46,['파티마약후기'],"[Photo(previewUrl='https://pbs.twimg.com/media/Fo0yxVoaIAICsKl?format=jpg&name=small', fullUrl='https://pbs.twimg.com/media/Fo0yxVoaIAICsKl?format=jpg&name=orig', altText=None)]",Twitter Web App
162,2023-02-09 03:50:42+00:00,1.62353E+18,giselgangsar,서울포도허브 s케타민팝니다 강북떨액,,,"● TEL : pinkman114 아이스 허브 커피파우더 케이 브액 상선 
  
엘에스디가격  
용인좌표딜러모집  
대전케이  
최음제후기  
서울합성대마  
#성남북한산빙두 #작대기아이스 https://t.co/kybgyMS4i8",0,0,108,"['성남북한산빙두', '작대기아이스']","[Photo(previewUrl='https://pbs.twimg.com/media/FofvtcaaMAIQwun?format=jpg&name=small', fullUrl='https://pbs.twimg.com/media/FofvtcaaMAIQwun?format=jpg&name=orig', altText=None)]",Twitter Web App
163,2023-02-08 15:11:23+00:00,1.62334E+18,GalechDrokiDkil,사끼 부산몰리 파퍼사는법,,,"♧ 텔레ID : pinkman114 인증딜러 핑크맨 신뢰/정직/안전 
  
인천히로뽕  
사티바  
충청도케이  
성남합성대마  
경기도액상대마  
#물뽕 #도리도리사는법 https://t.co/UtdXBkPS7D",0,0,234,"['물뽕', '도리도리사는법']","[Photo(previewUrl='https://pbs.twimg.com/media/FodB3AMaMAIQCeA?format=jpg&name=small', fullUrl='https://pbs.twimg.com/media/FodB3AMaMAIQCeA?format=jpg&name=orig', altText=None)]",Twitter Web App
164,2023-02-07 19:04:02+00:00,1.62303E+18,fiendafriend,Mian,,,"#합성대마  
◈ 텔 레 그 램 pinkman114 안전 보안생명 
  
인슐린판매합니다  
  
사탕판매처  
  
광주드랍  
  
조인트  
  
합성대마하는법  
  
케미컬약판매 https://t.co/TTay1ngSgK",0,0,20,['합성대마'],"[Photo(previewUrl='https://pbs.twimg.com/media/FoYtldUagAAq7x1?format=jpg&name=small', fullUrl='https://pbs.twimg.com/media/FoYtldUagAAq7x1?format=jpg&name=orig', altText=None)]",Twitter Web App
165,2023-02-06 21:19:44+00:00,1.62271E+18,DuranCote953,합성대마팔아요 총알배송 에더블(코카인),,,"보안텔레 &gt; pinkman114 ♠ 
#옥시코돈구입하는법  
  
엑시터시효과  
환각제사는곳  
전국좌표  
합성대마구매방법  
발정제  
인증업체 https://t.co/Tmvj9IfjR2",0,0,72,['옥시코돈구입하는법'],"[Photo(previewUrl='https://pbs.twimg.com/media/FoUC9V1aUAAjTBX?format=jpg&name=small', fullUrl='https://pbs.twimg.com/media/FoUC9V1aUAAjTBX?format=jpg&name=orig', altText=None)]",Twitter Web App
167,2023-01-30 11:03:58+00:00,1.62001E+18,gs862322,gurdeep singh,,,"♠ 텔레:Nicosi152 좌표딜러/서울드라퍼 모집중 
  
합성대마 액상떨 
진통제구매 포도허브 
매직머쉬룸하는법 마취제판매처 
#안전드랍 #밀크케타민구매처 https://t.co/z3j6ZPsPks",0,0,32,"['안전드랍', '밀크케타민구매처']","[Photo(previewUrl='https://pbs.twimg.com/media/Fnty9J6agAEdXQT?format=jpg&name=small', fullUrl='https://pbs.twimg.com/media/Fnty9J6agAEdXQT?format=jpg&name=orig', altText=None)]",Twitter Web App
168,2023-01-30 10:48:41+00:00,1.62001E+18,adnanriyadhi84,adnan riyadhi,,Bogor,"▶ 텔레:Nicosi152 좌표딜러/서울드라퍼 모집중 
  
전북실시간좌표 마리화나 
아이스뽕구매방법 합성대마구입 
케타민구입하는법 액떨구입하는법 
#GHB구매처 #헤로인가격 https://t.co/jdJhA3emvw",0,0,4,"['GHB구매처', '헤로인가격']","[Photo(previewUrl='https://pbs.twimg.com/media/FntveLDagAAanaS?format=jpg&name=small', fullUrl='https://pbs.twimg.com/media/FntveLDagAAanaS?format=jpg&name=orig', altText=None)]",Twitter Web App
169,2023-01-29 16:05:45+00:00,1.61973E+18,delfianto31,delfianto rasyid,,,"🤗채널은 텔레Riven_420🤗 ♥ 
○ 클럽갈땐 요거지~🐳🐳 준비물챙겨가세요~ 
  
경남안전업체 액상떨구하는곳 합성대마 
밀크케타민하는방법 원석케이구매하는법 떨하는방법 
  
#각성제구매 https://t.co/1p0TSuH0NB",0,0,40,['각성제구매'],"[Photo(previewUrl='https://pbs.twimg.com/media/Fnpud69akAAdUb0?format=jpg&name=small', fullUrl='https://pbs.twimg.com/media/Fnpud69akAAdUb0?format=jpg&name=orig', altText=None)]",Twitter Web App
170,2023-01-20 23:34:39+00:00,1.61658E+18,08148526600c,MDMA사는방법 모르핀파는곳(케타민원석팔아요),,,"☎ ▣인증보안딜러📛 좌표 최대 1시간 발급🐋 
☆ ㅌㄹ:pinkman114 
  
차가운술효과  
합성대마  
매직머쉬룸사는곳  
수원실시간좌표  
#클럽파티 #포도허브구매 https://t.co/DyeUlacF3E",0,0,76,"['클럽파티', '포도허브구매']","[Photo(previewUrl='https://pbs.twimg.com/media/Fm8-4fgaYAIwfIB?format=jpg&name=small', fullUrl='https://pbs.twimg.com/media/Fm8-4fgaYAIwfIB?format=jpg&name=orig', altText=None)]",Twitter Web App
171,2023-01-16 08:24:46+00:00,1.6149E+18,jikem31,전남드랍퍼구인 액상대마(충북드라퍼),,,"☆ ㅌㄹㄱㄹ채널:Nezuko450 전국안전딜러 신뢰/정직/안전 
  
weed구입하는방법 합성대마 
  
뽕아이스판매처 클럽마약 
  
#고퀄아이스구매  
  
#엑스터시 https://t.co/aX7oOfTzdo",0,0,108,"['고퀄아이스구매', '엑스터시']","[Photo(previewUrl='https://pbs.twimg.com/media/FmlIR6haMAEdphm?format=jpg&name=small', fullUrl='https://pbs.twimg.com/media/FmlIR6haMAEdphm?format=jpg&name=orig', altText=None)]",Twitter Web App
173,2023-01-15 08:25:27+00:00,1.61454E+18,Jocelyn85200180,NRB4545 텔레 검색(케타민구입방법),,,"🌟🌟 드라퍼모집중 🌟🌟 ♠ 
☆ ￡☞텔레채널 NRB45455 검색하세요 ! 
  
합성대마파는곳 대구전문딜러 
  
차가운술가격 케타민하는법 
  
#전북안전딜러  
#합성대마초판매 https://t.co/I8gkkRv8pE",0,0,60,"['전북안전딜러', '합성대마초판매']","[Photo(previewUrl='https://pbs.twimg.com/media/Fmf-2rCacAAlDCo?format=jpg&name=small', fullUrl='https://pbs.twimg.com/media/Fmf-2rCacAAlDCo?format=jpg&name=orig', altText=None)]",Twitter Web App
174,2023-01-14 18:30:49+00:00,1.61433E+18,mohamadhaffiza,인증딜러 경기도안전드랍 포도허브구입방법(브액),,,"● 🛺 상담텔레 BRN7008 💎 후기인증텔레 BRN70008 
  
패치  
액상대마판매합니다  
합성대마  
강북총알배송  
#성남딜러  
#러쉬판매합니다  
#LSD구입하는법 https://t.co/81bAw5yYoV",0,0,27,"['성남딜러', '러쉬판매합니다', 'LSD구입하는법']","[Photo(previewUrl='https://pbs.twimg.com/media/Fmc_0tZaEAAxWx5?format=jpg&name=small', fullUrl='https://pbs.twimg.com/media/Fmc_0tZaEAAxWx5?format=jpg&name=orig', altText=None)]",Twitter Web App
175,2023-01-14 15:49:44+00:00,1.61429E+18,mohakhalil11,하이브리드 액상대마하는법(디스펜서리구입),,,"☏ ￡☞텔레채널 BRN70008 검색하세요 ! 
  
합성대마팔아요  
전남총알드랍  
펜타닐판매합니다  
창원좌표  
#작대기파는곳  
#섹스마약구입  
#밀크케이 https://t.co/mtZdcoQZQn",0,0,103,"['작대기파는곳', '섹스마약구입', '밀크케이']","[Photo(previewUrl='https://pbs.twimg.com/media/Fmca22DaUAEILWI?format=jpg&name=small', fullUrl='https://pbs.twimg.com/media/Fmca22DaUAEILWI?format=jpg&name=orig', altText=None)]",Twitter Web App
176,2023-01-14 14:19:49+00:00,1.61427E+18,MohasinRaza84,고기구매방법 케이캔디구하는법 강북드랍(안전딜러),,,"서울 즉시좌표 ㅌㄹJOKERS911  
  
♥ 물뽕사는방법 작대기아이스구하는법 
★ 경기도드랍퍼모집 합성대마 
  
#허브액상구매  
#차가운술 https://t.co/BUSHwFViZ2",0,0,56,"['허브액상구매', '차가운술']","[Photo(previewUrl='https://pbs.twimg.com/media/FmcGYZKaYAAquDf?format=jpg&name=small', fullUrl='https://pbs.twimg.com/media/FmcGYZKaYAAquDf?format=jpg&name=orig', altText=None)]",Twitter Web App
177,2023-01-14 01:35:01+00:00,1.61407E+18,MiwaBrownie,수면제판매 Molly팔아요 사탕(보안좌표),,,"텔 레 그 램 채널검색 &gt;&gt; Nicosi_152 ☆ 
  
강남총알좌표  
합성대마구입  
사탕판매처  
강남인증업체  
#인천안전드랍 #광주총알드랍 #도리도리구하는법 https://t.co/nH4Drutxf4",0,0,42,"['인천안전드랍', '광주총알드랍', '도리도리구하는법']","[Photo(previewUrl='https://pbs.twimg.com/media/FmZXS6DaAAI0fj0?format=jpg&name=small', fullUrl='https://pbs.twimg.com/media/FmZXS6DaAAI0fj0?format=jpg&name=orig', altText=None)]",Twitter Web App
178,2023-01-12 07:15:38+00:00,1.61343E+18,SeoHyun5236,환각제사는방법 신의눈물구입 캔디케이 코카인(필로폰효능),,"Gauteng, South Africa","ㅌㄹ &gt;&gt;Nezuko450&lt;&lt; ☆ 
  
후리  
작대기술구입하는법  
부산안전업체  
합성대마  
  
#광주총알좌표  
#신의눈물 https://t.co/0cz00ICK8v",0,0,289,"['광주총알좌표', '신의눈물']","[Photo(previewUrl='https://pbs.twimg.com/media/FmQSEFNaYAA557e?format=jpg&name=small', fullUrl='https://pbs.twimg.com/media/FmQSEFNaYAA557e?format=jpg&name=orig', altText=None)]",Twitter Web App
